OrderYear,OrderMonth,CohortYear,CohortMonth,CohortAge,Number of Customers,Number of Orders,Number of ordering customers,Items ordered,Items returned,   Gross Sales   ,   Net Sales   ,,
Y3,1,Y1,4,21,35,9,7,20,4,1357.78,1181.81,,
Y3,1,Y1,5,20,33,9,7,22,4,1305.42,1059.52,,
Y3,1,Y1,6,19,21,6,4,13,1,1092.94,952.75,,
Y3,1,Y1,7,18,13,0,0,0,0,0.00,0.00,,
Y3,1,Y1,8,17,11,1,1,1,0,90.59,90.59,,
Y3,1,Y1,9,16,12,4,4,7,0,776.27,776.27,,
Y3,1,Y1,10,15,13,4,4,9,1,725.55,700.65,,
Y3,1,Y1,11,14,11,1,1,2,0,112.49,112.49,,
Y3,1,Y1,12,13,5,2,2,3,0,178.70,178.70,,
Y3,1,Y2,1,12,7,3,2,4,0,367.13,367.13,,
Y3,1,Y2,2,11,14,5,4,9,0,796.74,796.74,,
Y3,1,Y2,3,10,18,3,3,7,4,449.06,261.88,,
Y3,1,Y2,4,9,15,5,4,9,0,570.94,570.94,,
Y3,1,Y2,5,8,22,2,1,4,0,349.74,349.74,,
Y3,1,Y2,6,7,20,12,6,32,6,2100.61,1758.65,,
Y3,1,Y2,7,6,17,9,6,21,4,1105.49,943.20,,
Y3,1,Y2,8,5,9,2,1,5,0,489.50,489.50,,
Y3,1,Y2,9,4,14,5,4,15,3,1297.17,1055.78,,
Y3,1,Y2,10,3,15,0,0,0,0,0.00,0.00,,
Y3,1,Y2,11,2,43,19,11,41,6,2903.39,2627.37,,
Y3,1,Y2,12,1,27,14,7,34,10,2364.28,1634.69,,
Y3,1,Y3,1,0,33,46,33,93,12,6292.02,5353.06,,
Y3,2,Y1,4,22,35,15,9,25,3,1745.95,1597.98,,
Y3,2,Y1,5,21,33,7,6,13,4,909.73,608.06,,
Y3,2,Y1,6,20,21,3,2,5,0,516.40,516.40,,
Y3,2,Y1,7,19,13,0,0,0,0,0.00,0.00,,
Y3,2,Y1,8,18,11,4,2,12,0,871.95,871.95,,
Y3,2,Y1,9,17,12,4,2,6,0,677.25,677.25,,
Y3,2,Y1,10,16,13,1,1,2,0,224.31,224.31,,
Y3,2,Y1,11,15,11,1,1,1,0,45.49,45.49,,
Y3,2,Y1,12,14,5,0,0,0,0,0.00,0.00,,
Y3,2,Y2,1,13,7,0,0,0,0,0.00,0.00,,
Y3,2,Y2,2,12,14,1,1,1,0,210.69,210.69,,
Y3,2,Y2,3,11,18,7,4,10,2,741.81,618.86,,
Y3,2,Y2,4,10,15,6,3,10,0,618.25,618.25,,
Y3,2,Y2,5,9,22,0,0,0,0,0.00,0.00,,
Y3,2,Y2,6,8,20,4,4,8,1,874.89,804.40,,
Y3,2,Y2,7,7,17,7,3,20,9,1535.82,758.56,,
Y3,2,Y2,8,6,9,4,2,6,0,438.55,438.55,,
Y3,2,Y2,9,5,14,4,2,11,0,647.78,647.78,,
Y3,2,Y2,10,4,15,5,3,14,2,1150.25,992.13,,
Y3,2,Y2,11,3,43,9,6,13,2,885.24,702.59,,
Y3,2,Y2,12,2,27,16,5,34,13,1982.83,1287.90,,
Y3,2,Y3,1,1,33,17,11,47,2,2864.32,2723.34,,
Y3,2,Y3,2,0,24,25,23,58,13,3806.18,3089.23,,
Y3,3,Y1,4,23,35,25,8,42,5,3327.11,2893.29,,
Y3,3,Y1,5,22,33,11,4,20,11,1967.26,833.31,,
Y3,3,Y1,6,21,21,5,4,13,3,1066.89,822.58,,
Y3,3,Y1,7,20,13,0,0,0,0,0.00,0.00,,
Y3,3,Y1,8,19,11,2,1,2,0,220.81,220.81,,
Y3,3,Y1,9,18,12,3,3,4,0,461.37,461.37,,
Y3,3,Y1,10,17,13,2,2,2,0,108.72,108.72,,
Y3,3,Y1,11,16,11,2,2,2,0,217.45,217.45,,
Y3,3,Y1,12,15,5,1,1,1,0,70.49,70.49,,
Y3,3,Y2,1,14,7,1,1,3,0,160.00,160.00,,
Y3,3,Y2,2,13,14,3,2,9,4,556.96,269.12,,
Y3,3,Y2,3,12,18,4,4,6,1,378.20,306.73,,
Y3,3,Y2,4,11,15,3,2,3,0,269.93,269.93,,
Y3,3,Y2,5,10,22,2,2,5,0,319.21,319.21,,
Y3,3,Y2,6,9,20,5,3,10,3,1081.09,866.68,,
Y3,3,Y2,7,8,17,4,3,7,0,391.04,391.04,,
Y3,3,Y2,8,7,9,3,3,6,0,349.23,349.23,,
Y3,3,Y2,9,6,14,5,5,8,1,654.12,540.49,,
Y3,3,Y2,10,5,15,2,2,3,0,414.83,414.83,,
Y3,3,Y2,11,4,43,12,7,20,5,1540.46,1158.55,,
Y3,3,Y2,12,3,27,14,6,31,11,2976.13,1594.50,,
Y3,3,Y3,1,2,33,3,3,4,1,332.94,243.82,,
Y3,3,Y3,2,1,24,7,5,9,0,748.68,748.68,,
Y3,3,Y3,3,0,19,21,19,52,12,4288.90,3354.72,,
Y3,4,Y1,4,24,35,14,7,24,0,1872.30,1872.30,,
Y3,4,Y1,5,23,33,13,4,22,9,2181.51,1264.75,,
Y3,4,Y1,6,22,21,4,3,10,0,761.28,761.28,,
Y3,4,Y1,7,21,13,0,0,0,0,0.00,0.00,,
Y3,4,Y1,8,20,11,0,0,0,0,0.00,0.00,,
Y3,4,Y1,9,19,12,3,3,4,0,266.31,266.31,,
Y3,4,Y1,10,18,13,2,1,2,0,215.98,215.98,,
Y3,4,Y1,11,17,11,2,2,4,1,338.82,267.35,,
Y3,4,Y1,12,16,5,0,0,0,0,0.00,0.00,,
Y3,4,Y2,1,15,7,0,0,0,0,0.00,0.00,,
Y3,4,Y2,2,14,14,1,1,1,0,70.77,70.77,,
Y3,4,Y2,3,13,18,4,2,6,0,456.07,456.07,,
Y3,4,Y2,4,12,15,2,2,2,0,163.96,163.96,,
Y3,4,Y2,5,11,22,1,1,1,0,212.65,212.65,,
Y3,4,Y2,6,10,20,12,5,28,4,2333.50,2066.25,,
Y3,4,Y2,7,9,17,9,3,24,7,1801.74,1194.88,,
Y3,4,Y2,8,8,9,2,2,3,0,289.75,289.75,,
Y3,4,Y2,9,7,14,3,2,9,0,834.14,834.14,,
Y3,4,Y2,10,6,15,4,3,10,0,764.71,764.71,,
Y3,4,Y2,11,5,43,6,4,18,4,945.02,774.00,,
Y3,4,Y2,12,4,27,16,8,27,7,2258.25,1494.55,,
Y3,4,Y3,1,3,33,8,7,21,3,1552.44,1373.33,,
Y3,4,Y3,2,2,24,9,5,13,0,1002.67,1002.67,,
Y3,4,Y3,3,1,19,10,6,24,1,1436.29,1402.68,,
Y3,4,Y3,4,0,38,49,38,102,27,10336.11,6973.08,,
Y3,5,Y1,4,25,35,17,5,29,0,2368.43,2368.43,,
Y3,5,Y1,5,24,33,5,3,7,1,709.63,615.61,,
Y3,5,Y1,6,23,21,5,3,9,0,775.59,775.59,,
Y3,5,Y1,7,22,13,0,0,0,0,0.00,0.00,,
Y3,5,Y1,8,21,11,0,0,0,0,0.00,0.00,,
Y3,5,Y1,9,20,12,5,2,7,0,549.81,549.81,,
Y3,5,Y1,10,19,13,5,2,6,2,528.34,424.61,,
Y3,5,Y1,11,18,11,1,1,2,0,214.51,214.51,,
Y3,5,Y1,12,17,5,1,1,3,0,101.18,101.18,,
Y3,5,Y2,1,16,7,2,1,2,0,183.14,183.14,,
Y3,5,Y2,2,15,14,1,1,1,0,73.92,73.92,,
Y3,5,Y2,3,14,18,2,2,5,1,285.29,222.65,,
Y3,5,Y2,4,13,15,1,1,1,0,64.61,64.61,,
Y3,5,Y2,5,12,22,1,1,1,0,118.04,118.04,,
Y3,5,Y2,6,11,20,9,3,19,2,1587.54,1468.85,,
Y3,5,Y2,7,10,17,5,2,18,7,1359.02,825.39,,
Y3,5,Y2,8,9,9,1,1,2,0,117.94,117.94,,
Y3,5,Y2,9,8,14,2,2,4,0,341.28,341.28,,
Y3,5,Y2,10,7,15,1,1,1,1,65.10,11.28,,
Y3,5,Y2,11,6,43,7,7,9,0,1076.57,1076.57,,
Y3,5,Y2,12,5,27,11,4,28,12,2364.55,1329.13,,
Y3,5,Y3,1,4,33,4,4,7,0,473.33,473.33,,
Y3,5,Y3,2,3,24,7,5,15,1,1242.65,1142.75,,
Y3,5,Y3,3,2,19,4,3,13,3,897.25,671.92,,
Y3,5,Y3,4,1,38,15,9,43,12,3684.93,2894.67,,
Y3,5,Y3,5,0,40,51,40,132,38,13088.88,10004.35,,
Y3,6,Y1,4,26,35,17,8,33,2,2076.73,1945.31,,
Y3,6,Y1,5,25,33,8,5,14,5,843.27,533.96,,
Y3,6,Y1,6,24,21,2,2,3,2,173.24,45.00,,
Y3,6,Y1,7,23,13,0,0,0,0,0.00,0.00,,
Y3,6,Y1,8,22,11,0,0,0,0,0.00,0.00,,
Y3,6,Y1,9,21,12,3,2,6,0,486.67,486.67,,
Y3,6,Y1,10,20,13,2,2,5,1,262.25,181.96,,
Y3,6,Y1,11,19,11,0,0,0,0,0.00,0.00,,
Y3,6,Y1,12,18,5,1,1,3,0,108.53,108.53,,
Y3,6,Y2,1,17,7,0,0,0,0,0.00,0.00,,
Y3,6,Y2,2,16,14,0,0,0,0,0.00,0.00,,
Y3,6,Y2,3,15,18,8,5,11,0,768.31,768.31,,
Y3,6,Y2,4,14,15,1,1,1,0,43.04,43.04,,
Y3,6,Y2,5,13,22,2,2,2,0,137.06,137.06,,
Y3,6,Y2,6,12,20,6,3,26,1,1334.71,1265.20,,
Y3,6,Y2,7,11,17,8,3,21,5,1313.63,1052.35,,
Y3,6,Y2,8,10,9,0,0,0,0,0.00,0.00,,
Y3,6,Y2,9,9,14,3,3,15,9,1017.95,363.14,,
Y3,6,Y2,10,8,15,2,2,3,0,136.96,136.96,,
Y3,6,Y2,11,7,43,2,2,3,0,307.55,307.55,,
Y3,6,Y2,12,6,27,14,3,27,10,1920.88,1021.86,,
Y3,6,Y3,1,5,33,5,5,11,0,673.43,673.43,,
Y3,6,Y3,2,4,24,8,5,12,2,917.45,762.75,,
Y3,6,Y3,3,3,19,4,2,24,11,1186.86,724.22,,
Y3,6,Y3,4,2,38,12,6,33,6,2631.08,1979.71,,
Y3,6,Y3,5,1,40,16,9,35,3,2807.35,2597.84,,
Y3,6,Y3,6,0,67,91,67,172,45,11944.83,9105.13,,
Y3,7,Y1,4,27,35,24,8,51,0,2263.30,2263.30,,
Y3,7,Y1,5,26,33,8,4,12,4,1165.63,672.76,,
Y3,7,Y1,6,25,21,6,5,14,0,611.91,611.91,,
Y3,7,Y1,7,24,13,2,2,3,0,83.05,83.05,,
Y3,7,Y1,8,23,11,2,2,3,0,154.07,154.07,,
Y3,7,Y1,9,22,12,4,3,4,0,308.42,308.42,,
Y3,7,Y1,10,21,13,2,2,2,0,180.46,180.46,,
Y3,7,Y1,11,20,11,0,0,0,0,0.00,0.00,,
Y3,7,Y1,12,19,5,0,0,0,0,0.00,0.00,,
Y3,7,Y2,1,18,7,0,0,0,0,0.00,0.00,,
Y3,7,Y2,2,17,14,1,1,3,0,176.80,176.80,,
Y3,7,Y2,3,16,18,9,6,18,2,997.14,907.37,,
Y3,7,Y2,4,15,15,5,2,8,0,244.19,244.19,,
Y3,7,Y2,5,14,22,2,2,3,1,110.51,63.26,,
Y3,7,Y2,6,13,20,11,5,20,0,1640.64,1640.64,,
Y3,7,Y2,7,12,17,6,4,18,3,795.51,598.42,,
Y3,7,Y2,8,11,9,1,1,1,0,84.19,84.19,,
Y3,7,Y2,9,10,14,1,1,3,0,230.10,230.10,,
Y3,7,Y2,10,9,15,1,1,1,1,140.06,0.00,,
Y3,7,Y2,11,8,43,5,3,9,2,508.33,407.54,,
Y3,7,Y2,12,7,27,10,4,17,6,1086.77,747.38,,
Y3,7,Y3,1,6,33,1,1,2,0,95.45,95.45,,
Y3,7,Y3,2,5,24,3,3,3,0,279.08,279.08,,
Y3,7,Y3,3,4,19,5,5,14,6,844.52,632.37,,
Y3,7,Y3,4,3,38,15,8,39,5,2514.82,2140.80,,
Y3,7,Y3,5,2,40,15,10,30,6,1697.41,1412.94,,
Y3,7,Y3,6,1,67,17,12,36,3,2199.78,1949.09,,
Y3,7,Y3,7,0,70,81,70,151,41,9927.39,7582.75,,
Y3,8,Y1,4,28,35,12,8,22,1,1362.50,1301.04,,
Y3,8,Y1,5,27,33,1,1,1,0,114.49,114.49,,
Y3,8,Y1,6,26,21,1,1,2,0,92.61,92.61,,
Y3,8,Y1,7,25,13,0,0,0,0,0.00,0.00,,
Y3,8,Y1,8,24,11,0,0,0,0,0.00,0.00,,
Y3,8,Y1,9,23,12,0,0,0,0,0.00,0.00,,
Y3,8,Y1,10,22,13,0,0,0,0,0.00,0.00,,
Y3,8,Y1,11,21,11,2,2,5,1,210.70,166.29,,
Y3,8,Y1,12,20,5,0,0,0,0,0.00,0.00,,
Y3,8,Y2,1,19,7,0,0,0,0,0.00,0.00,,
Y3,8,Y2,2,18,14,1,1,1,0,26.42,26.42,,
Y3,8,Y2,3,17,18,1,1,2,0,98.30,98.30,,
Y3,8,Y2,4,16,15,3,1,4,0,106.63,106.63,,
Y3,8,Y2,5,15,22,2,2,4,0,310.23,310.23,,
Y3,8,Y2,6,14,20,3,2,4,0,496.78,496.78,,
Y3,8,Y2,7,13,17,3,2,4,1,393.56,174.91,,
Y3,8,Y2,8,12,9,0,0,0,0,0.00,0.00,,
Y3,8,Y2,9,11,14,1,1,4,0,210.80,210.80,,
Y3,8,Y2,10,10,15,1,1,1,0,61.46,61.46,,
Y3,8,Y2,11,9,43,6,4,14,0,689.02,689.02,,
Y3,8,Y2,12,8,27,2,2,2,0,40.53,40.53,,
Y3,8,Y3,1,7,33,3,3,4,1,236.36,104.83,,
Y3,8,Y3,2,6,24,0,0,0,0,0.00,0.00,,
Y3,8,Y3,3,5,19,3,3,8,0,336.36,336.36,,
Y3,8,Y3,4,4,38,10,5,16,3,887.69,755.40,,
Y3,8,Y3,5,3,40,6,4,16,3,1655.68,983.62,,
Y3,8,Y3,6,2,67,10,7,25,0,1223.96,1223.96,,
Y3,8,Y3,7,1,70,16,9,26,3,2111.17,1983.62,,
Y3,8,Y3,8,0,88,102,85,186,47,11231.44,8002.94,,
Y3,9,Y1,4,29,35,4,3,11,1,676.99,615.53,,
Y3,9,Y1,5,28,33,3,2,4,2,329.17,144.70,,
Y3,9,Y1,6,27,21,2,1,3,0,144.60,144.60,,
Y3,9,Y1,7,26,13,1,1,2,2,254.55,0.00,,
Y3,9,Y1,8,25,11,1,1,1,0,69.98,69.98,,
Y3,9,Y1,9,24,12,2,2,2,1,70.83,22.63,,
Y3,9,Y1,10,23,13,1,1,2,1,175.95,96.50,,
Y3,9,Y1,11,22,11,4,2,6,0,505.11,505.11,,
Y3,9,Y1,12,21,5,0,0,0,0,0.00,0.00,,
Y3,9,Y2,1,20,7,0,0,0,0,0.00,0.00,,
Y3,9,Y2,2,19,14,0,0,0,0,0.00,0.00,,
Y3,9,Y2,3,18,18,0,0,0,0,0.00,0.00,,
Y3,9,Y2,4,17,15,0,0,0,0,0.00,0.00,,
Y3,9,Y2,5,16,22,0,0,0,0,0.00,0.00,,
Y3,9,Y2,6,15,20,4,2,5,0,582.86,582.86,,
Y3,9,Y2,7,14,17,2,2,6,2,422.73,277.08,,
Y3,9,Y2,8,13,9,0,0,0,0,0.00,0.00,,
Y3,9,Y2,9,12,14,1,1,3,2,210.89,87.97,,
Y3,9,Y2,10,11,15,3,3,4,0,346.21,346.21,,
Y3,9,Y2,11,10,43,1,1,2,0,109.66,109.66,,
Y3,9,Y2,12,9,27,3,2,8,4,687.69,436.17,,
Y3,9,Y3,1,8,33,3,3,4,2,245.83,124.81,,
Y3,9,Y3,2,7,24,1,1,2,0,167.42,167.42,,
Y3,9,Y3,3,6,19,0,0,0,0,0.00,0.00,,
Y3,9,Y3,4,5,38,4,3,7,0,456.72,456.72,,
Y3,9,Y3,5,4,40,8,3,42,5,3861.55,3380.02,,
Y3,9,Y3,6,3,67,5,4,8,1,571.21,483.24,,
Y3,9,Y3,7,2,70,7,4,19,1,2179.07,2082.58,,
Y3,9,Y3,8,1,88,6,5,10,2,677.08,501.14,,
Y3,9,Y3,9,0,43,56,43,116,26,12043.94,8419.51,,
Y3,10,Y1,4,30,35,8,4,14,1,871.78,792.33,,
Y3,10,Y1,5,29,33,3,2,5,0,403.88,403.88,,
Y3,10,Y1,6,28,21,3,3,5,1,425.66,350.95,,
Y3,10,Y1,7,27,13,0,0,0,0,0.00,0.00,,
Y3,10,Y1,8,26,11,0,0,0,0,0.00,0.00,,
Y3,10,Y1,9,25,12,2,2,2,0,157.95,157.95,,
Y3,10,Y1,10,24,13,3,2,4,0,455.11,455.11,,
Y3,10,Y1,11,23,11,3,3,3,1,332.10,139.02,,
Y3,10,Y1,12,22,5,0,0,0,0,0.00,0.00,,
Y3,10,Y2,1,21,7,0,0,0,0,0.00,0.00,,
Y3,10,Y2,2,20,14,0,0,0,0,0.00,0.00,,
Y3,10,Y2,3,19,18,4,3,6,0,340.34,340.34,,
Y3,10,Y2,4,18,15,2,1,2,0,81.25,81.25,,
Y3,10,Y2,5,17,22,1,1,1,0,62.41,62.41,,
Y3,10,Y2,6,16,20,11,5,22,0,2052.84,2052.84,,
Y3,10,Y2,7,15,17,1,1,1,0,79.45,79.45,,
Y3,10,Y2,8,14,9,2,2,2,0,193.94,193.94,,
Y3,10,Y2,9,13,14,3,2,9,4,708.43,444.60,,
Y3,10,Y2,10,12,15,5,2,9,0,874.15,874.15,,
Y3,10,Y2,11,11,43,7,4,17,0,1362.97,1362.97,,
Y3,10,Y2,12,10,27,4,1,19,8,1480.21,885.32,,
Y3,10,Y3,1,9,33,1,1,1,0,58.62,58.62,,
Y3,10,Y3,2,8,24,2,1,2,0,263.07,263.07,,
Y3,10,Y3,3,7,19,2,2,2,0,157.95,157.95,,
Y3,10,Y3,4,6,38,3,3,7,5,470.93,167.42,,
Y3,10,Y3,5,5,40,14,6,46,5,3903.79,3526.42,,
Y3,10,Y3,6,4,67,8,7,25,7,2506.16,1954.73,,
Y3,10,Y3,7,3,70,9,6,21,4,1931.72,1623.39,,
Y3,10,Y3,8,2,88,3,3,11,4,988.54,518.28,,
Y3,10,Y3,9,1,43,18,12,46,6,4392.42,3783.14,,
Y3,10,Y3,10,0,50,64,50,120,27,11504.73,8095.36,,
Y3,11,Y1,4,31,35,11,6,20,3,1427.08,1218.09,,
Y3,11,Y1,5,30,33,2,2,4,1,189.96,122.82,,
Y3,11,Y1,6,29,21,2,1,3,0,211.84,211.84,,
Y3,11,Y1,7,28,13,0,0,0,0,0.00,0.00,,
Y3,11,Y1,8,27,11,1,1,1,0,61.46,61.46,,
Y3,11,Y1,9,26,12,2,2,3,0,201.42,201.42,,
Y3,11,Y1,10,25,13,2,2,5,1,806.34,639.77,,
Y3,11,Y1,11,24,11,0,0,0,0,0.00,0.00,,
Y3,11,Y1,12,23,5,1,1,1,0,61.46,61.46,,
Y3,11,Y2,1,22,7,0,0,0,0,0.00,0.00,,
Y3,11,Y2,2,21,14,0,0,0,0,0.00,0.00,,
Y3,11,Y2,3,20,18,3,2,4,0,368.94,368.94,,
Y3,11,Y2,4,19,15,3,1,4,0,195.64,195.64,,
Y3,11,Y2,5,18,22,2,1,4,0,290.34,290.34,,
Y3,11,Y2,6,17,20,2,2,4,0,562.12,562.12,,
Y3,11,Y2,7,16,17,4,2,7,2,628.13,467.33,,
Y3,11,Y2,8,15,9,0,0,0,0,0.00,0.00,,
Y3,11,Y2,9,14,14,3,3,8,0,628.98,628.98,,
Y3,11,Y2,10,13,15,3,1,6,0,490.91,490.91,,
Y3,11,Y2,11,12,43,3,3,4,0,232.58,232.58,,
Y3,11,Y2,12,11,27,6,3,16,5,1473.86,1057.67,,
Y3,11,Y3,1,10,33,4,3,4,0,699.43,699.43,,
Y3,11,Y3,2,9,24,8,2,10,0,1096.59,1096.59,,
Y3,11,Y3,3,8,19,2,2,3,0,214.68,214.68,,
Y3,11,Y3,4,7,38,5,3,5,1,386.84,338.64,,
Y3,11,Y3,5,6,40,2,2,6,0,470.08,470.08,,
Y3,11,Y3,6,5,67,4,4,5,2,491.00,210.89,,
Y3,11,Y3,7,4,70,10,8,24,1,1993.94,1923.96,,
Y3,11,Y3,8,3,88,10,5,16,3,1340.34,1090.63,,
Y3,11,Y3,9,2,43,11,8,17,6,1568.47,1001.80,,
Y3,11,Y3,10,1,50,13,10,16,2,1138.64,1018.56,,
Y3,11,Y3,11,0,74,80,73,160,72,15732.01,7760.61,,
Y3,12,Y1,4,32,35,3,3,6,0,338.45,338.45,,
Y3,12,Y1,5,31,33,2,2,3,0,185.32,185.32,,
Y3,12,Y1,6,30,21,0,0,0,0,0.00,0.00,,
Y3,12,Y1,7,29,13,0,0,0,0,0.00,0.00,,
Y3,12,Y1,8,28,11,0,0,0,0,0.00,0.00,,
Y3,12,Y1,9,27,12,0,0,0,0,0.00,0.00,,
Y3,12,Y1,10,26,13,2,1,3,0,416.38,416.38,,
Y3,12,Y1,11,25,11,3,3,3,0,342.52,342.52,,
Y3,12,Y1,12,24,5,1,1,1,0,64.30,64.30,,
Y3,12,Y2,1,23,7,0,0,0,0,0.00,0.00,,
Y3,12,Y2,2,22,14,0,0,0,0,0.00,0.00,,
Y3,12,Y2,3,21,18,1,1,2,0,132.39,132.39,,
Y3,12,Y2,4,20,15,4,1,4,0,209.85,209.85,,
Y3,12,Y2,5,19,22,0,0,0,0,0.00,0.00,,
Y3,12,Y2,6,18,20,4,3,16,0,1812.88,1812.88,,
Y3,12,Y2,7,17,17,1,1,2,0,174.05,174.05,,
Y3,12,Y2,8,16,9,1,1,3,0,457.10,457.10,,
Y3,12,Y2,9,15,14,1,1,3,0,132.29,132.29,,
Y3,12,Y2,10,14,15,1,1,7,0,450.09,450.09,,
Y3,12,Y2,11,13,43,5,5,12,3,773.48,620.36,,
Y3,12,Y2,12,12,27,1,1,1,1,166.57,0.00,,
Y3,12,Y3,1,11,33,6,5,10,1,929.92,872.25,,
Y3,12,Y3,2,10,24,6,5,9,1,733.05,662.12,,
Y3,12,Y3,3,9,19,1,1,2,0,101.14,101.14,,
Y3,12,Y3,4,8,38,7,4,10,2,793.56,575.00,,
Y3,12,Y3,5,7,40,7,4,15,4,1485.32,1050.09,,
Y3,12,Y3,6,6,67,5,3,16,7,934.09,500.09,,
Y3,12,Y3,7,5,70,9,5,15,1,1022.25,952.27,,
Y3,12,Y3,8,4,88,9,6,16,0,1058.14,1058.14,,
Y3,12,Y3,9,3,43,6,6,8,1,716.10,638.54,,
Y3,12,Y3,10,2,50,12,10,19,6,1714.11,1255.40,,
Y3,12,Y3,11,1,74,19,13,40,13,3138.26,2158.43,,
Y3,12,Y3,12,0,69,77,68,138,40,10822.25,7385.70,,
Y4,1,Y1,4,33,35,6,6,10,1,471.59,356.16,,
Y4,1,Y1,5,32,33,7,4,11,3,807.67,613.83,,
Y4,1,Y1,6,31,21,2,2,3,0,274.34,274.34,,
Y4,1,Y1,7,30,13,1,1,2,0,50.95,50.95,,
Y4,1,Y1,8,29,11,1,1,1,0,42.52,42.52,,
Y4,1,Y1,9,28,12,0,0,0,0,0.00,0.00,,
Y4,1,Y1,10,27,13,0,0,0,0,0.00,0.00,,
Y4,1,Y1,11,26,11,2,2,4,2,265.72,112.50,,
Y4,1,Y1,12,25,5,0,0,0,0,0.00,0.00,,
Y4,1,Y2,1,24,7,1,1,5,0,303.50,303.50,,
Y4,1,Y2,2,23,14,2,2,2,1,246.02,137.22,,
Y4,1,Y2,3,22,18,1,1,1,0,68.09,68.09,,
Y4,1,Y2,4,21,15,3,1,5,0,128.31,128.31,,
Y4,1,Y2,5,20,22,1,1,1,0,18.84,18.84,,
Y4,1,Y2,6,19,20,2,2,4,2,351.89,246.02,,
Y4,1,Y2,7,18,17,5,2,9,1,400.66,366.67,,
Y4,1,Y2,8,17,9,4,3,4,1,359.47,302.75,,
Y4,1,Y2,9,16,14,1,1,3,0,172.06,172.06,,
Y4,1,Y2,10,15,15,3,2,8,0,790.91,790.91,,
Y4,1,Y2,11,14,43,5,5,6,0,488.07,488.07,,
Y4,1,Y2,12,13,27,12,5,33,14,1554.64,1050.28,,
Y4,1,Y3,1,12,33,9,6,14,2,1136.93,973.30,,
Y4,1,Y3,2,11,24,5,2,6,0,712.50,712.50,,
Y4,1,Y3,3,10,19,1,1,1,0,91.76,91.76,,
Y4,1,Y3,4,9,38,6,5,11,1,795.36,717.80,,
Y4,1,Y3,5,8,40,6,1,6,1,514.58,303.50,,
Y4,1,Y3,6,7,67,9,7,31,16,1541.57,830.97,,
Y4,1,Y3,7,6,70,15,8,38,10,2149.81,1620.45,,
Y4,1,Y3,8,5,88,19,9,24,2,1700.38,1576.52,,
Y4,1,Y3,9,4,43,9,8,24,5,1639.77,1220.74,,
Y4,1,Y3,10,3,50,10,7,17,3,826.04,662.50,,
Y4,1,Y3,11,2,74,17,10,32,2,2014.02,1815.34,,
Y4,1,Y3,12,1,69,17,8,27,3,2048.58,1881.25,,
Y4,1,Y4,1,0,71,82,70,145,48,10756.16,7069.41,,
Y4,2,Y1,4,34,35,4,3,6,2,517.42,398.30,,
Y4,2,Y1,5,33,33,5,3,5,1,458.81,370.83,,
Y4,2,Y1,6,32,21,0,0,0,0,0.00,0.00,,
Y4,2,Y1,7,31,13,1,1,1,0,72.82,72.82,,
Y4,2,Y1,8,30,11,0,0,0,0,0.00,0.00,,
Y4,2,Y1,9,29,12,0,0,0,0,0.00,0.00,,
Y4,2,Y1,10,28,13,1,1,2,0,130.49,130.49,,
Y4,2,Y1,11,27,11,1,1,1,0,131.53,131.53,,
Y4,2,Y1,12,26,5,0,0,0,0,0.00,0.00,,
Y4,2,Y2,1,25,7,1,1,3,0,201.42,201.42,,
Y4,2,Y2,2,24,14,0,0,0,0,0.00,0.00,,
Y4,2,Y2,3,23,18,0,0,0,0,0.00,0.00,,
Y4,2,Y2,4,22,15,0,0,0,0,0.00,0.00,,
Y4,2,Y2,5,21,22,1,1,1,0,79.45,79.45,,
Y4,2,Y2,6,20,20,5,3,6,0,756.06,756.06,,
Y4,2,Y2,7,19,17,4,1,4,0,429.55,429.55,,
Y4,2,Y2,8,18,9,0,0,0,0,0.00,0.00,,
Y4,2,Y2,9,17,14,0,0,0,0,0.00,0.00,,
Y4,2,Y2,10,16,15,2,2,2,0,281.06,281.06,,
Y4,2,Y2,11,15,43,0,0,0,0,0.00,0.00,,
Y4,2,Y2,12,14,27,2,1,2,0,103.03,103.03,,
Y4,2,Y3,1,13,33,0,0,0,0,0.00,0.00,,
Y4,2,Y3,2,12,24,1,1,2,0,74.62,74.62,,
Y4,2,Y3,3,11,19,2,2,4,0,305.49,305.49,,
Y4,2,Y3,4,10,38,3,3,4,1,424.81,249.72,,
Y4,2,Y3,5,9,40,8,3,23,1,2148.39,2033.90,,
Y4,2,Y3,6,8,67,4,4,6,3,527.84,284.75,,
Y4,2,Y3,7,7,70,8,3,11,4,545.36,297.63,,
Y4,2,Y3,8,6,88,7,6,7,3,632.86,432.39,,
Y4,2,Y3,9,5,43,6,5,14,2,1088.64,865.34,,
Y4,2,Y3,10,4,50,7,4,11,3,959.19,794.70,,
Y4,2,Y3,11,3,74,7,5,17,6,1286.27,724.34,,
Y4,2,Y3,12,2,69,9,5,13,0,1035.70,1035.70,,
Y4,2,Y4,1,1,71,11,7,16,5,1471.97,1162.78,,
Y4,2,Y4,2,0,56,66,55,125,40,10951.33,7051.70,,
Y4,3,Y1,4,35,35,7,5,14,3,1231.89,958.59,,
Y4,3,Y1,5,34,33,2,1,2,0,226.82,226.82,,
Y4,3,Y1,6,33,21,1,1,2,0,217.24,217.24,,
Y4,3,Y1,7,32,13,0,0,0,0,0.00,0.00,,
Y4,3,Y1,8,31,11,0,0,0,0,0.00,0.00,,
Y4,3,Y1,9,30,12,0,0,0,0,0.00,0.00,,
Y4,3,Y1,10,29,13,2,1,2,0,259.39,259.39,,
Y4,3,Y1,11,28,11,2,1,2,0,285.25,285.25,,
Y4,3,Y1,12,27,5,0,0,0,0,0.00,0.00,,
Y4,3,Y2,1,26,7,0,0,0,0,0.00,0.00,,
Y4,3,Y2,2,25,14,0,0,0,0,0.00,0.00,,
Y4,3,Y2,3,24,18,1,1,1,0,66.95,66.95,,
Y4,3,Y2,4,23,15,2,2,2,1,121.46,53.54,,
Y4,3,Y2,5,22,22,1,1,1,0,70.79,70.79,,
Y4,3,Y2,6,21,20,5,5,7,0,820.21,820.21,,
Y4,3,Y2,7,20,17,1,1,1,1,33.43,0.00,,
Y4,3,Y2,8,19,9,1,1,2,0,92.72,92.72,,
Y4,3,Y2,9,18,14,3,1,6,2,322.22,204.60,,
Y4,3,Y2,10,17,15,1,1,1,0,58.33,58.33,,
Y4,3,Y2,11,16,43,1,1,1,0,100.48,100.48,,
Y4,3,Y2,12,15,27,10,3,16,6,1678.44,934.16,,
Y4,3,Y3,1,14,33,4,4,7,2,540.91,440.13,,
Y4,3,Y3,2,13,24,2,2,2,0,162.64,162.64,,
Y4,3,Y3,3,12,19,2,2,4,0,193.51,193.51,,
Y4,3,Y3,4,11,38,0,0,0,0,0.00,0.00,,
Y4,3,Y3,5,10,40,8,4,27,1,2159.29,2113.41,,
Y4,3,Y3,6,9,67,2,2,4,2,306.13,105.17,,
Y4,3,Y3,7,8,70,7,3,8,0,481.16,481.16,,
Y4,3,Y3,8,7,88,8,5,12,1,947.13,846.65,,
Y4,3,Y3,9,6,43,7,6,18,4,1892.91,1565.71,,
Y4,3,Y3,10,5,50,10,8,16,6,1222.51,773.95,,
Y4,3,Y3,11,4,74,8,5,11,0,920.92,920.92,,
Y4,3,Y3,12,3,69,8,7,16,2,1341.47,1216.18,,
Y4,3,Y4,1,2,71,22,9,43,16,3616.11,2413.78,,
Y4,3,Y4,2,1,56,10,7,17,5,1616.62,1152.54,,
Y4,3,Y4,3,0,63,74,62,149,30,13166.82,10155.67,,
Y4,4,Y1,4,36,35,6,4,10,2,1004.79,795.21,,
Y4,4,Y1,5,35,33,5,2,6,3,652.68,378.07,,
Y4,4,Y1,6,34,21,2,1,8,2,400.57,313.60,,
Y4,4,Y1,7,33,13,1,1,1,0,84.20,84.20,,
Y4,4,Y1,8,32,11,0,0,0,0,0.00,0.00,,
Y4,4,Y1,9,31,12,0,0,0,0,0.00,0.00,,
Y4,4,Y1,10,30,13,4,3,5,1,481.32,375.10,,
Y4,4,Y1,11,29,11,0,0,0,0,0.00,0.00,,
Y4,4,Y1,12,28,5,0,0,0,0,0.00,0.00,,
Y4,4,Y2,1,27,7,0,0,0,0,0.00,0.00,,
Y4,4,Y2,2,26,14,0,0,0,0,0.00,0.00,,
Y4,4,Y2,3,25,18,4,2,6,0,504.21,504.21,,
Y4,4,Y2,4,24,15,1,1,1,0,125.38,125.38,,
Y4,4,Y2,5,23,22,2,2,2,0,210.54,210.54,,
Y4,4,Y2,6,22,20,1,1,7,0,477.30,477.30,,
Y4,4,Y2,7,21,17,0,0,0,0,0.00,0.00,,
Y4,4,Y2,8,20,9,1,1,2,0,151.15,151.15,,
Y4,4,Y2,9,19,14,2,1,3,0,313.89,313.89,,
Y4,4,Y2,10,18,15,2,1,6,0,477.39,477.39,,
Y4,4,Y2,11,17,43,2,2,4,0,327.20,327.20,,
Y4,4,Y2,12,16,27,8,3,10,3,801.72,562.55,,
Y4,4,Y3,1,15,33,7,3,10,3,1134.10,874.81,,
Y4,4,Y3,2,14,24,6,3,8,4,807.66,422.99,,
Y4,4,Y3,3,13,19,2,2,4,1,410.54,226.72,,
Y4,4,Y3,4,12,38,2,1,3,0,187.45,187.45,,
Y4,4,Y3,5,11,40,10,5,34,1,2947.89,2879.98,,
Y4,4,Y3,6,10,67,4,3,10,3,728.93,553.93,,
Y4,4,Y3,7,9,70,7,5,17,1,1588.41,1543.49,,
Y4,4,Y3,8,8,88,10,6,13,5,1084.00,627.59,,
Y4,4,Y3,9,7,43,10,10,19,1,1743.39,1634.29,,
Y4,4,Y3,10,6,50,6,3,10,5,847.70,469.83,,
Y4,4,Y3,11,5,74,8,5,10,2,726.05,574.90,,
Y4,4,Y3,12,4,69,8,8,12,2,759.39,659.96,,
Y4,4,Y4,1,3,71,19,9,34,14,3309.00,2173.37,,
Y4,4,Y4,2,2,56,7,6,8,1,1032.76,890.13,,
Y4,4,Y4,3,1,63,15,8,32,9,2697.13,1920.21,,
Y4,4,Y4,4,0,75,84,74,191,62,16022.89,10474.23,,
Y4,5,Y1,4,37,35,6,5,10,1,632.18,561.40,,
Y4,5,Y1,5,36,33,3,2,8,6,685.06,158.81,,
Y4,5,Y1,6,35,21,6,3,13,2,1205.65,1013.31,,
Y4,5,Y1,7,34,13,0,0,0,0,0.00,0.00,,
Y4,5,Y1,8,33,11,0,0,0,0,0.00,0.00,,
Y4,5,Y1,9,32,12,4,3,6,1,358.62,294.54,,
Y4,5,Y1,10,31,13,1,1,1,0,124.43,124.43,,
Y4,5,Y1,11,30,11,0,0,0,0,0.00,0.00,,
Y4,5,Y1,12,29,5,1,1,1,0,109.10,109.10,,
Y4,5,Y2,1,28,7,0,0,0,0,0.00,0.00,,
Y4,5,Y2,2,27,14,0,0,0,0,0.00,0.00,,
Y4,5,Y2,3,26,18,2,1,2,0,116.67,116.67,,
Y4,5,Y2,4,25,15,4,3,5,1,372.13,305.17,,
Y4,5,Y2,5,24,22,1,1,2,0,142.53,142.53,,
Y4,5,Y2,6,23,20,3,2,9,5,715.61,309.96,,
Y4,5,Y2,7,22,17,1,1,3,3,260.25,0.00,,
Y4,5,Y2,8,21,9,2,2,4,0,397.13,397.13,,
Y4,5,Y2,9,20,14,2,2,12,2,828.35,714.56,,
Y4,5,Y2,10,19,15,6,4,13,2,966.19,864.85,,
Y4,5,Y2,11,18,43,0,0,0,0,0.00,0.00,,
Y4,5,Y2,12,17,27,2,1,2,1,105.17,54.50,,
Y4,5,Y3,1,16,33,5,4,8,2,508.81,377.78,,
Y4,5,Y3,2,15,24,2,2,5,2,556.03,347.41,,
Y4,5,Y3,3,14,19,1,1,1,0,109.10,109.10,,
Y4,5,Y3,4,13,38,3,3,3,0,464.27,464.27,,
Y4,5,Y3,5,12,40,15,6,29,11,2723.28,1849.81,,
Y4,5,Y3,6,11,67,7,5,12,4,903.07,568.20,,
Y4,5,Y3,7,10,70,10,6,26,5,1765.71,1379.21,,
Y4,5,Y3,8,9,88,8,5,11,1,858.14,757.66,,
Y4,5,Y3,9,8,43,15,8,36,9,2750.38,2092.24,,
Y4,5,Y3,10,7,50,10,7,18,6,1416.86,1072.61,,
Y4,5,Y3,11,6,74,13,8,28,6,2082.57,1618.58,,
Y4,5,Y3,12,5,69,5,4,8,2,486.78,277.20,,
Y4,5,Y4,1,4,71,14,5,27,15,2006.99,933.72,,
Y4,5,Y4,2,3,56,9,6,23,1,1913.51,1850.38,,
Y4,5,Y4,3,2,63,17,12,37,11,2393.97,1587.55,,
Y4,5,Y4,4,1,75,12,8,32,15,2500.77,1341.28,,
Y4,5,Y4,5,0,83,100,82,218,68,18799.04,12477.01,,
Y4,6,Y1,4,38,35,8,4,18,0,1218.58,1218.58,,
Y4,6,Y1,5,37,33,4,3,5,2,351.05,249.71,,
Y4,6,Y1,6,36,21,5,3,13,2,729.60,589.94,,
Y4,6,Y1,7,35,13,0,0,0,0,0.00,0.00,,
Y4,6,Y1,8,34,11,0,0,0,0,0.00,0.00,,
Y4,6,Y1,9,33,12,1,1,1,0,70.79,70.79,,
Y4,6,Y1,10,32,13,0,0,0,0,0.00,0.00,,
Y4,6,Y1,11,31,11,0,0,0,0,0.00,0.00,,
Y4,6,Y1,12,30,5,1,1,1,0,75.57,75.57,,
Y4,6,Y2,1,29,7,0,0,0,0,0.00,0.00,,
Y4,6,Y2,2,28,14,0,0,0,0,0.00,0.00,,
Y4,6,Y2,3,27,18,3,2,4,0,319.54,319.54,,
Y4,6,Y2,4,26,15,0,0,0,0,0.00,0.00,,
Y4,6,Y2,5,25,22,1,1,3,0,205.65,205.65,,
Y4,6,Y2,6,24,20,4,4,13,0,1038.98,1038.98,,
Y4,6,Y2,7,23,17,0,0,0,0,0.00,0.00,,
Y4,6,Y2,8,22,9,0,0,0,0,0.00,0.00,,
Y4,6,Y2,9,21,14,3,2,9,0,579.60,579.60,,
Y4,6,Y2,10,20,15,7,5,16,0,1205.36,1205.36,,
Y4,6,Y2,11,19,43,3,3,9,2,712.74,574.04,,
Y4,6,Y2,12,18,27,11,4,14,7,1033.14,400.67,,
Y4,6,Y3,1,17,33,0,0,0,0,0.00,0.00,,
Y4,6,Y3,2,16,24,10,7,19,4,1534.58,1196.84,,
Y4,6,Y3,3,15,19,2,2,2,0,163.60,163.60,,
Y4,6,Y3,4,14,38,0,0,0,0,0.00,0.00,,
Y4,6,Y3,5,13,40,5,3,17,5,1393.97,884.87,,
Y4,6,Y3,6,12,67,7,4,24,9,1759.20,1156.61,,
Y4,6,Y3,7,11,70,6,3,10,1,718.39,634.20,,
Y4,6,Y3,8,10,88,9,8,13,3,1506.42,1146.55,,
Y4,6,Y3,9,9,43,8,8,16,0,1389.27,1389.27,,
Y4,6,Y3,10,8,50,8,3,14,4,908.62,669.54,,
Y4,6,Y3,11,7,74,11,8,21,3,1520.02,1302.87,,
Y4,6,Y3,12,6,69,7,6,16,7,1058.81,501.05,,
Y4,6,Y4,1,5,71,9,5,14,4,880.84,624.52,,
Y4,6,Y4,2,4,56,4,4,10,0,704.98,704.98,,
Y4,6,Y4,3,3,63,9,8,20,2,1530.65,1455.17,,
Y4,6,Y4,4,2,75,5,5,11,4,787.26,552.97,,
Y4,6,Y4,5,1,83,16,12,35,6,2467.91,2094.92,,
Y4,6,Y4,6,0,115,131,114,299,118,25159.10,14697.22,,
Y4,7,Y1,4,39,35,15,7,26,1,1465.78,1407.44,,
Y4,7,Y1,5,38,33,19,6,29,10,2196.46,1367.91,,
Y4,7,Y1,6,37,21,5,3,10,0,728.23,728.23,,
Y4,7,Y1,7,36,13,1,1,14,1,697.89,676.92,,
Y4,7,Y1,8,35,11,1,1,1,0,112.93,112.93,,
Y4,7,Y1,9,34,12,0,0,0,0,0.00,0.00,,
Y4,7,Y1,10,33,13,1,1,1,0,83.24,83.24,,
Y4,7,Y1,11,32,11,1,1,1,0,83.24,83.24,,
Y4,7,Y1,12,31,5,1,1,1,0,66.95,66.95,,
Y4,7,Y2,1,30,7,1,1,1,0,29.60,29.60,,
Y4,7,Y2,2,29,14,2,2,4,0,400.96,400.96,,
Y4,7,Y2,3,28,18,0,0,0,0,0.00,0.00,,
Y4,7,Y2,4,27,15,2,1,7,0,289.56,289.56,,
Y4,7,Y2,5,26,22,3,2,4,0,251.53,251.53,,
Y4,7,Y2,6,25,20,6,3,13,0,1309.07,1309.07,,
Y4,7,Y2,7,24,17,0,0,0,0,0.00,0.00,,
Y4,7,Y2,8,23,9,1,1,1,0,66.95,66.95,,
Y4,7,Y2,9,22,14,2,2,4,0,209.39,209.39,,
Y4,7,Y2,10,21,15,6,1,16,0,728.30,728.30,,
Y4,7,Y2,11,20,43,5,3,10,2,542.15,382.38,,
Y4,7,Y2,12,19,27,11,4,20,7,1089.08,794.73,,
Y4,7,Y3,1,18,33,6,5,8,0,481.03,481.03,,
Y4,7,Y3,2,17,24,5,2,10,0,685.82,685.82,,
Y4,7,Y3,3,16,19,2,2,6,2,570.31,389.46,,
Y4,7,Y3,4,15,38,5,4,12,5,581.70,363.02,,
Y4,7,Y3,5,14,40,5,3,13,3,826.34,633.14,,
Y4,7,Y3,6,13,67,14,8,80,32,3863.75,2448.24,,
Y4,7,Y3,7,12,70,12,11,22,4,1418.39,1088.31,,
Y4,7,Y3,8,11,88,11,8,27,4,1131.51,912.55,,
Y4,7,Y3,9,10,43,4,3,7,1,653.54,557.85,,
Y4,7,Y3,10,9,50,14,7,27,8,1791.49,1195.52,,
Y4,7,Y3,11,8,74,8,7,25,4,1712.16,1465.42,,
Y4,7,Y3,12,7,69,9,7,32,13,2078.33,1211.76,,
Y4,7,Y4,1,6,71,9,8,23,8,1444.93,920.80,,
Y4,7,Y4,2,5,56,8,5,18,7,1198.47,833.24,,
Y4,7,Y4,3,4,63,12,9,24,5,2077.20,1379.41,,
Y4,7,Y4,4,3,75,4,4,7,1,436.11,360.54,,
Y4,7,Y4,5,2,83,34,18,78,10,5568.36,4747.48,,
Y4,7,Y4,6,1,115,27,20,72,20,4748.77,2893.30,,
Y4,7,Y4,7,0,134,163,134,326,91,21621.56,15795.83,,
Y4,8,Y1,4,40,35,10,6,18,2,1333.52,1140.23,,
Y4,8,Y1,5,39,33,7,5,7,2,521.36,311.78,,
Y4,8,Y1,6,38,21,7,3,19,0,1128.45,1128.45,,
Y4,8,Y1,7,37,13,1,1,1,0,125.38,125.38,,
Y4,8,Y1,8,36,11,2,2,4,0,376.40,376.40,,
Y4,8,Y1,9,35,12,0,0,0,0,0.00,0.00,,
Y4,8,Y1,10,34,13,1,1,1,0,54.50,54.50,,
Y4,8,Y1,11,33,11,1,1,1,0,125.38,125.38,,
Y4,8,Y1,12,32,5,0,0,0,0,0.00,0.00,,
Y4,8,Y2,1,31,7,0,0,0,0,0.00,0.00,,
Y4,8,Y2,2,30,14,0,0,0,0,0.00,0.00,,
Y4,8,Y2,3,29,18,1,1,1,0,134.00,134.00,,
Y4,8,Y2,4,28,15,3,1,3,0,159.67,159.67,,
Y4,8,Y2,5,27,22,2,2,4,3,152.87,25.77,,
Y4,8,Y2,6,26,20,4,3,9,0,676.34,676.34,,
Y4,8,Y2,7,25,17,1,1,1,0,45.88,45.88,,
Y4,8,Y2,8,24,9,2,1,2,0,138.70,138.70,,
Y4,8,Y2,9,23,14,0,0,0,0,0.00,0.00,,
Y4,8,Y2,10,22,15,4,1,12,0,1015.13,1015.13,,
Y4,8,Y2,11,21,43,1,1,1,0,45.88,45.88,,
Y4,8,Y2,12,20,27,6,2,13,7,965.23,447.70,,
Y4,8,Y3,1,19,33,0,0,0,0,0.00,0.00,,
Y4,8,Y3,2,18,24,0,0,0,0,0.00,0.00,,
Y4,8,Y3,3,17,19,5,4,12,3,1515.13,1063.31,,
Y4,8,Y3,4,16,38,0,0,0,0,0.00,0.00,,
Y4,8,Y3,5,15,40,9,4,14,3,967.05,695.31,,
Y4,8,Y3,6,14,67,7,5,23,13,1625.30,807.58,,
Y4,8,Y3,7,13,70,15,7,44,14,3254.41,2228.93,,
Y4,8,Y3,8,12,88,9,7,12,2,738.31,566.09,,
Y4,8,Y3,9,11,43,10,9,21,8,1783.43,1167.34,,
Y4,8,Y3,10,10,50,13,5,26,11,1968.77,992.82,,
Y4,8,Y3,11,9,74,7,4,12,0,680.84,680.84,,
Y4,8,Y3,12,8,69,7,6,12,0,801.53,801.53,,
Y4,8,Y4,1,7,71,19,7,33,9,2502.59,1646.17,,
Y4,8,Y4,2,6,56,5,5,17,1,1200.48,1041.57,,
Y4,8,Y4,3,5,63,7,5,10,5,635.06,349.14,,
Y4,8,Y4,4,4,75,9,7,16,3,1821.26,1448.95,,
Y4,8,Y4,5,3,83,22,13,37,4,2844.16,2434.58,,
Y4,8,Y4,6,2,115,12,12,25,4,1867.34,1656.99,,
Y4,8,Y4,7,1,134,20,13,33,8,2481.51,1956.42,,
Y4,8,Y4,8,0,90,95,88,210,39,17750.24,14071.59,,
Y4,9,Y1,4,41,35,12,7,20,7,1821.49,1000.99,,
Y4,9,Y1,5,40,33,6,3,13,7,1301.91,622.89,,
Y4,9,Y1,6,39,21,6,1,13,0,1010.66,1010.66,,
Y4,9,Y1,7,38,13,0,0,0,0,0.00,0.00,,
Y4,9,Y1,8,37,11,1,1,1,0,58.33,58.33,,
Y4,9,Y1,9,36,12,2,1,3,0,206.53,206.53,,
Y4,9,Y1,10,35,13,0,0,0,0,0.00,0.00,,
Y4,9,Y1,11,34,11,1,1,1,0,125.40,125.40,,
Y4,9,Y1,12,33,5,0,0,0,0,0.00,0.00,,
Y4,9,Y2,1,32,7,0,0,0,0,0.00,0.00,,
Y4,9,Y2,2,31,14,0,0,0,0,0.00,0.00,,
Y4,9,Y2,3,30,18,2,1,6,0,514.46,514.46,,
Y4,9,Y2,4,29,15,1,1,1,0,61.14,61.14,,
Y4,9,Y2,5,28,22,1,1,1,0,114.36,114.36,,
Y4,9,Y2,6,27,20,7,4,17,3,2265.34,1934.32,,
Y4,9,Y2,7,26,17,1,1,1,0,191.67,191.67,,
Y4,9,Y2,8,25,9,1,1,1,0,244.88,244.88,,
Y4,9,Y2,9,24,14,1,1,4,0,290.76,290.76,,
Y4,9,Y2,10,23,15,4,2,8,0,711.04,711.04,,
Y4,9,Y2,11,22,43,0,0,0,0,0.00,0.00,,
Y4,9,Y2,12,21,27,6,3,15,8,1655.83,756.22,,
Y4,9,Y3,1,20,33,3,2,4,3,439.73,83.23,,
Y4,9,Y3,2,19,24,5,4,9,4,1100.50,634.04,,
Y4,9,Y3,3,18,19,6,4,10,1,972.26,871.96,,
Y4,9,Y3,4,17,38,0,0,0,0,0.00,0.00,,
Y4,9,Y3,5,16,40,5,3,9,0,1008.13,1008.13,,
Y4,9,Y3,6,15,67,0,0,0,0,0.00,0.00,,
Y4,9,Y3,7,14,70,13,4,37,16,3421.65,2165.55,,
Y4,9,Y3,8,13,88,1,1,1,0,54.12,54.12,,
Y4,9,Y3,9,12,43,3,2,11,1,922.59,677.71,,
Y4,9,Y3,10,11,50,16,8,23,6,1858.80,1342.42,,
Y4,9,Y3,11,10,74,13,11,37,15,3958.12,2134.34,,
Y4,9,Y3,12,9,69,5,4,8,2,736.74,586.34,,
Y4,9,Y4,1,8,71,16,7,23,6,2115.14,1622.40,,
Y4,9,Y4,2,7,56,6,5,16,0,1362.98,1362.98,,
Y4,9,Y4,3,6,63,11,8,13,2,1373.98,1223.58,,
Y4,9,Y4,4,5,75,4,4,9,5,953.11,455.62,,
Y4,9,Y4,5,4,83,17,9,45,13,5025.43,3570.97,,
Y4,9,Y4,6,3,115,8,7,18,5,1568.59,1180.54,,
Y4,9,Y4,7,2,134,15,11,34,9,3216.55,2326.35,,
Y4,9,Y4,8,1,90,12,8,22,3,1738.33,1520.23,,
Y4,9,Y4,9,0,120,144,120,326,97,31168.55,21006.88,,
Y4,10,Y1,4,42,35,3,3,5,1,693.27,618.07,,
Y4,10,Y1,5,41,33,7,2,14,4,1436.35,959.84,,
Y4,10,Y1,6,40,21,8,3,13,1,1030.82,966.67,,
Y4,10,Y1,7,39,13,0,0,0,0,0.00,0.00,,
Y4,10,Y1,8,38,11,1,1,1,0,158.53,158.53,,
Y4,10,Y1,9,37,12,5,2,6,1,545.58,428.21,,
Y4,10,Y1,10,36,13,0,0,0,0,0.00,0.00,,
Y4,10,Y1,11,35,11,2,1,2,0,150.40,150.40,,
Y4,10,Y1,12,34,5,1,1,1,0,83.23,83.23,,
Y4,10,Y2,1,33,7,2,2,2,0,175.50,175.50,,
Y4,10,Y2,2,32,14,1,1,1,0,125.40,125.40,,
Y4,10,Y2,3,31,18,7,3,10,1,810.24,768.17,,
Y4,10,Y2,4,30,15,2,2,3,0,221.59,221.59,,
Y4,10,Y2,5,29,22,1,1,2,0,133.33,133.33,,
Y4,10,Y2,6,28,20,12,7,16,0,1711.24,1711.24,,
Y4,10,Y2,7,27,17,1,1,2,0,57.03,57.03,,
Y4,10,Y2,8,26,9,0,0,0,0,0.00,0.00,,
Y4,10,Y2,9,25,14,2,2,3,1,266.77,224.70,,
Y4,10,Y2,10,24,15,3,3,7,0,577.61,577.61,,
Y4,10,Y2,11,23,43,3,3,3,0,359.14,359.14,,
Y4,10,Y2,12,22,27,4,2,17,5,1537.45,1071.08,,
Y4,10,Y3,1,21,33,1,1,1,0,125.40,125.40,,
Y4,10,Y3,2,20,24,7,3,12,3,1282.93,898.69,,
Y4,10,Y3,3,19,19,3,2,3,1,365.16,264.86,,
Y4,10,Y3,4,18,38,3,2,6,4,561.65,117.27,,
Y4,10,Y3,5,17,40,11,6,22,3,3231.73,2561.35,,
Y4,10,Y3,6,16,67,8,7,19,3,1601.51,1350.80,,
Y4,10,Y3,7,15,70,6,5,10,1,1111.45,910.74,,
Y4,10,Y3,8,14,88,4,2,5,1,588.86,422.29,,
Y4,10,Y3,9,13,43,6,5,21,2,2192.67,2038.25,,
Y4,10,Y3,10,12,50,6,4,7,3,452.11,206.43,,
Y4,10,Y3,11,11,74,13,8,18,5,1615.66,1192.47,,
Y4,10,Y3,12,10,69,8,6,21,5,1995.88,1430.12,,
Y4,10,Y4,1,9,71,14,7,29,9,2814.33,1906.60,,
Y4,10,Y4,2,8,56,3,3,4,0,317.87,317.87,,
Y4,10,Y4,3,7,63,11,7,21,2,2312.15,2048.29,,
Y4,10,Y4,4,6,75,7,7,12,7,1404.42,764.56,,
Y4,10,Y4,5,5,83,20,11,32,8,3319.08,2384.14,,
Y4,10,Y4,6,4,115,9,8,24,8,2463.45,1411.04,,
Y4,10,Y4,7,3,134,19,10,34,15,3359.04,1857.53,,
Y4,10,Y4,8,2,90,13,10,21,3,1820.18,1520.28,,
Y4,10,Y4,9,1,120,36,16,122,41,11040.96,7472.79,,
Y4,10,Y4,10,0,139,173,139,387,131,41584.46,26634.94,,
Y4,11,Y1,4,43,35,5,3,10,3,824.30,585.64,,
Y4,11,Y1,5,42,33,1,1,1,0,117.37,117.37,,
Y4,11,Y1,6,41,21,8,2,14,0,979.52,979.52,,
Y4,11,Y1,7,40,13,1,1,1,1,125.40,0.00,,
Y4,11,Y1,8,39,11,0,0,0,0,0.00,0.00,,
Y4,11,Y1,9,38,12,1,1,1,0,125.40,125.40,,
Y4,11,Y1,10,37,13,4,2,6,0,1054.62,1054.62,,
Y4,11,Y1,11,36,11,0,0,0,0,0.00,0.00,,
Y4,11,Y1,12,35,5,0,0,0,0,0.00,0.00,,
Y4,11,Y2,1,34,7,1,1,1,0,67.17,67.17,,
Y4,11,Y2,2,33,14,0,0,0,0,0.00,0.00,,
Y4,11,Y2,3,32,18,4,2,8,1,1113.65,947.09,,
Y4,11,Y2,4,31,15,2,2,3,0,438.45,438.45,,
Y4,11,Y2,5,30,22,2,2,2,2,224.70,0.00,,
Y4,11,Y2,6,29,20,3,3,5,0,518.57,518.57,,
Y4,11,Y2,7,28,17,0,0,0,0,0.00,0.00,,
Y4,11,Y2,8,27,9,0,0,0,0,0.00,0.00,,
Y4,11,Y2,9,26,14,2,2,5,0,234.44,234.44,,
Y4,11,Y2,10,25,15,5,2,10,1,1004.02,878.61,,
Y4,11,Y2,11,24,43,2,2,3,0,241.67,241.67,,
Y4,11,Y2,12,23,27,10,4,13,3,1003.71,778.11,,
Y4,11,Y3,1,22,33,1,1,1,0,158.53,158.53,,
Y4,11,Y3,2,21,24,4,3,4,1,459.44,326.00,,
Y4,11,Y3,3,20,19,3,3,6,1,555.62,455.32,,
Y4,11,Y3,4,19,38,1,1,1,0,158.53,158.53,,
Y4,11,Y3,5,18,40,5,3,6,1,1571.69,959.34,,
Y4,11,Y3,6,17,67,5,1,6,0,596.79,596.79,,
Y4,11,Y3,7,16,70,6,5,18,2,1751.20,1512.45,,
Y4,11,Y3,8,15,88,4,3,5,2,424.20,279.82,,
Y4,11,Y3,9,14,43,8,7,17,2,1801.51,1621.99,,
Y4,11,Y3,10,13,50,5,4,6,2,584.74,451.41,,
Y4,11,Y3,11,12,74,10,6,15,5,1715.36,1147.59,,
Y4,11,Y3,12,11,69,4,4,13,7,1029.82,506.43,,
Y4,11,Y4,1,10,71,9,5,10,5,904.62,561.75,,
Y4,11,Y4,2,9,56,5,4,7,1,918.98,735.34,,
Y4,11,Y4,3,8,63,9,8,14,4,1505.62,1018.07,,
Y4,11,Y4,4,7,75,0,0,0,0,0.00,0.00,,
Y4,11,Y4,5,6,83,12,8,27,7,2684.04,1926.71,,
Y4,11,Y4,6,5,115,8,7,12,0,1186.55,1186.55,,
Y4,11,Y4,7,4,134,17,12,29,10,3184.84,1992.07,,
Y4,11,Y4,8,3,90,8,8,14,6,1137.15,606.63,,
Y4,11,Y4,9,2,120,17,14,28,8,2909.84,2086.35,,
Y4,11,Y4,10,1,139,37,16,77,24,7613.76,5336.04,,
Y4,11,Y4,11,0,174,194,173,391,143,40221.51,24213.05,,
Y4,12,Y1,4,44,35,2,2,3,1,205.52,88.15,,
Y4,12,Y1,5,43,33,1,1,3,3,225.60,0.00,,
Y4,12,Y1,6,42,21,7,3,29,11,2486.04,1281.33,,
Y4,12,Y1,7,41,13,0,0,0,0,0.00,0.00,,
Y4,12,Y1,8,40,11,0,0,0,0,0.00,0.00,,
Y4,12,Y1,9,39,12,1,1,1,0,61.14,61.14,,
Y4,12,Y1,10,38,13,0,0,0,0,0.00,0.00,,
Y4,12,Y1,11,37,11,1,1,1,0,131.43,131.43,,
Y4,12,Y1,12,36,5,0,0,0,0,0.00,0.00,,
Y4,12,Y2,1,35,7,1,1,1,1,166.57,0.00,,
Y4,12,Y2,2,34,14,0,0,0,0,0.00,0.00,,
Y4,12,Y2,3,33,18,1,1,1,0,42.07,42.07,,
Y4,12,Y2,4,32,15,0,0,0,0,0.00,0.00,,
Y4,12,Y2,5,31,22,0,0,0,0,0.00,0.00,,
Y4,12,Y2,6,30,20,8,4,15,2,1853.41,1728.57,,
Y4,12,Y2,7,29,17,0,0,0,0,0.00,0.00,,
Y4,12,Y2,8,28,9,2,2,3,0,243.67,243.67,,
Y4,12,Y2,9,27,14,2,2,2,2,220.67,0.00,,
Y4,12,Y2,10,26,15,1,1,1,1,54.12,0.00,,
Y4,12,Y2,11,25,43,5,3,7,0,604.93,604.93,,
Y4,12,Y2,12,24,27,5,3,6,3,441.16,215.56,,
Y4,12,Y3,1,23,33,1,1,3,3,184.44,0.00,,
Y4,12,Y3,2,22,24,5,3,10,3,1409.71,788.45,,
Y4,12,Y3,3,21,19,5,5,8,2,854.62,636.95,,
Y4,12,Y3,4,20,38,1,1,1,0,122.39,122.39,,
Y4,12,Y3,5,19,40,8,5,25,5,1858.94,1282.13,,
Y4,12,Y3,6,18,67,8,6,18,4,1179.12,961.65,,
Y4,12,Y3,7,17,70,4,3,6,0,706.22,706.22,,
Y4,12,Y3,8,16,88,5,3,9,1,1164.76,1056.43,,
Y4,12,Y3,9,15,43,10,8,15,5,1410.14,812.25,,
Y4,12,Y3,10,14,50,10,8,26,6,2033.42,1467.76,,
Y4,12,Y3,11,13,74,10,4,18,0,1354.62,1354.62,,
Y4,12,Y3,12,12,69,6,5,8,1,631.09,593.67,,
Y4,12,Y4,1,11,71,7,6,13,4,1244.65,865.53,,
Y4,12,Y4,2,10,56,4,2,6,0,409.04,409.04,,
Y4,12,Y4,3,9,63,5,4,6,2,713.85,520.55,,
Y4,12,Y4,4,8,75,1,1,2,2,124.84,0.00,,
Y4,12,Y4,5,7,83,22,10,36,6,3394.98,2796.18,,
Y4,12,Y4,6,6,115,10,8,19,3,1822.39,1431.12,,
Y4,12,Y4,7,5,134,20,11,35,7,3431.30,2829.59,,
Y4,12,Y4,8,4,90,12,10,34,9,3211.45,2400.10,,
Y4,12,Y4,9,3,120,14,11,20,0,1962.85,1962.85,,
Y4,12,Y4,10,2,139,20,11,50,19,4529.12,2785.04,,
Y4,12,Y4,11,1,174,24,21,72,29,6924.32,3953.51,,
Y4,12,Y4,12,0,169,185,168,351,109,32068.54,22382.21,,
Y5,1,Y1,4,45,35,8,5,12,3,801.00,621.59,,
Y5,1,Y1,5,44,33,1,1,3,0,92.07,92.07,,
Y5,1,Y1,6,43,21,7,3,13,0,622.19,622.19,,
Y5,1,Y1,7,42,13,1,1,7,0,678.01,678.01,,
Y5,1,Y1,8,41,11,0,0,0,0,0.00,0.00,,
Y5,1,Y1,9,40,12,1,1,1,0,63.15,63.15,,
Y5,1,Y1,10,39,13,1,1,1,0,175.60,175.60,,
Y5,1,Y1,11,38,11,2,2,3,0,196.49,196.49,,
Y5,1,Y1,12,37,5,0,0,0,0,0.00,0.00,,
Y5,1,Y2,1,36,7,0,0,0,0,0.00,0.00,,
Y5,1,Y2,2,35,14,2,2,3,0,109.14,109.14,,
Y5,1,Y2,3,34,18,5,2,5,0,463.35,463.35,,
Y5,1,Y2,4,33,15,0,0,0,0,0.00,0.00,,
Y5,1,Y2,5,32,22,0,0,0,0,0.00,0.00,,
Y5,1,Y2,6,31,20,4,3,8,1,648.80,473.19,,
Y5,1,Y2,7,30,17,0,0,0,0,0.00,0.00,,
Y5,1,Y2,8,29,9,0,0,0,0,0.00,0.00,,
Y5,1,Y2,9,28,14,0,0,0,0,0.00,0.00,,
Y5,1,Y2,10,27,15,5,2,13,0,1142.27,1142.27,,
Y5,1,Y2,11,26,43,4,4,6,0,334.74,334.74,,
Y5,1,Y2,12,25,27,6,3,13,8,789.86,330.82,,
Y5,1,Y3,1,24,33,8,4,18,11,1307.43,386.85,,
Y5,1,Y3,2,23,24,5,2,16,1,1078.71,1040.66,,
Y5,1,Y3,3,22,19,2,2,3,2,158.33,29.02,,
Y5,1,Y3,4,21,38,1,1,1,1,117.37,0.00,,
Y5,1,Y3,5,20,40,4,4,8,1,1109.64,506.33,,
Y5,1,Y3,6,19,67,11,8,29,2,1614.98,1456.55,,
Y5,1,Y3,7,18,70,6,5,11,5,698.69,419.08,,
Y5,1,Y3,8,17,88,12,8,24,8,2099.00,1355.82,,
Y5,1,Y3,9,16,43,8,6,14,4,1235.43,906.14,,
Y5,1,Y3,10,15,50,10,5,16,5,1115.86,931.63,,
Y5,1,Y3,11,14,74,7,5,11,2,831.22,701.91,,
Y5,1,Y3,12,13,69,7,5,9,1,595.48,536.35,,
Y5,1,Y4,1,12,71,5,4,5,0,447.29,447.29,,
Y5,1,Y4,2,11,56,4,4,9,1,711.95,648.80,,
Y5,1,Y4,3,10,63,7,5,14,1,1151.20,1105.12,,
Y5,1,Y4,4,9,75,7,7,24,14,1663.25,485.94,,
Y5,1,Y4,5,8,83,18,13,38,15,3250.20,1930.42,,
Y5,1,Y4,6,7,115,19,14,37,19,2753.31,1161.85,,
Y5,1,Y4,7,6,134,7,5,14,3,928.31,706.73,,
Y5,1,Y4,8,5,90,15,13,24,5,1762.65,1275.20,,
Y5,1,Y4,9,4,120,19,13,38,16,2632.73,1517.87,,
Y5,1,Y4,10,3,139,27,18,60,19,4332.05,2707.73,,
Y5,1,Y4,11,2,174,19,16,41,7,3049.82,2453.13,,
Y5,1,Y4,12,1,169,14,12,37,6,3381.83,2655.52,,
Y5,1,Y5,1,0,193,222,191,392,106,32766.39,23044.10,,
Y5,2,Y1,4,46,35,4,1,8,0,879.72,879.72,,
Y5,2,Y1,5,45,33,2,2,6,0,441.16,441.16,,
Y5,2,Y1,6,44,21,1,1,2,0,216.67,216.67,,
Y5,2,Y1,7,43,13,0,0,0,0,0.00,0.00,,
Y5,2,Y1,8,42,11,1,1,1,0,104.32,104.32,,
Y5,2,Y1,9,41,12,3,2,3,0,188.06,188.06,,
Y5,2,Y1,10,40,13,0,0,0,0,0.00,0.00,,
Y5,2,Y1,11,39,11,0,0,0,0,0.00,0.00,,
Y5,2,Y1,12,38,5,0,0,0,0,0.00,0.00,,
Y5,2,Y2,1,37,7,0,0,0,0,0.00,0.00,,
Y5,2,Y2,2,36,14,2,1,2,0,117.27,117.27,,
Y5,2,Y2,3,35,18,5,3,8,4,695.48,249.09,,
Y5,2,Y2,4,34,15,1,1,1,0,53.61,53.61,,
Y5,2,Y2,5,33,22,0,0,0,0,0.00,0.00,,
Y5,2,Y2,6,32,20,5,4,11,0,1080.22,1080.22,,
Y5,2,Y2,7,31,17,0,0,0,0,0.00,0.00,,
Y5,2,Y2,8,30,9,0,0,0,0,0.00,0.00,,
Y5,2,Y2,9,29,14,1,1,3,0,142.27,142.27,,
Y5,2,Y2,10,28,15,4,2,11,3,884.44,617.67,,
Y5,2,Y2,11,27,43,1,1,2,0,204.62,204.62,,
Y5,2,Y2,12,26,27,8,3,18,9,1472.09,768.17,,
Y5,2,Y3,1,25,33,0,0,0,0,0.00,0.00,,
Y5,2,Y3,2,24,24,5,2,13,2,589.56,528.77,,
Y5,2,Y3,3,23,19,2,2,7,0,445.90,445.90,,
Y5,2,Y3,4,22,38,0,0,0,0,0.00,0.00,,
Y5,2,Y3,5,21,40,6,4,14,3,773.69,614.36,,
Y5,2,Y3,6,20,67,6,4,7,1,621.79,496.39,,
Y5,2,Y3,7,19,70,4,4,7,1,476.20,401.00,,
Y5,2,Y3,8,18,88,6,3,14,3,1147.99,913.85,,
Y5,2,Y3,9,17,43,11,3,18,11,1398.15,617.49,,
Y5,2,Y3,10,16,50,5,3,9,4,325.40,122.99,,
Y5,2,Y3,11,15,74,11,6,22,2,1350.20,1178.71,,
Y5,2,Y3,12,14,69,3,3,7,0,514.59,514.59,,
Y5,2,Y4,1,13,71,10,6,15,7,1470.67,811.73,,
Y5,2,Y4,2,12,56,6,3,11,1,1061.38,961.07,,
Y5,2,Y4,3,11,63,8,6,10,4,1069.28,651.00,,
Y5,2,Y4,4,10,75,9,6,15,8,1267.63,731.28,,
Y5,2,Y4,5,9,83,23,11,31,4,2528.93,2132.75,,
Y5,2,Y4,6,8,115,8,8,18,2,1298.25,1206.08,,
Y5,2,Y4,7,7,134,13,10,23,2,1633.23,1503.92,,
Y5,2,Y4,8,6,90,3,3,5,1,398.09,272.69,,
Y5,2,Y4,9,5,120,20,17,35,12,3048.43,2125.45,,
Y5,2,Y4,10,4,139,11,8,26,13,2243.45,1296.34,,
Y5,2,Y4,11,3,174,16,12,69,36,6150.26,2782.39,,
Y5,2,Y4,12,2,169,7,7,34,17,2499.60,1105.72,,
Y5,2,Y5,1,1,193,43,31,73,11,5686.93,4482.21,,
Y5,2,Y5,2,0,166,188,164,330,135,27639.66,15016.03,,
Y5,3,Y1,4,47,35,4,3,7,1,534.54,458.70,,
Y5,3,Y1,5,46,33,5,4,6,2,759.63,505.19,,
Y5,3,Y1,6,45,21,4,2,7,0,748.43,748.43,,
Y5,3,Y1,7,44,13,0,0,0,0,0.00,0.00,,
Y5,3,Y1,8,43,11,0,0,0,0,0.00,0.00,,
Y5,3,Y1,9,42,12,1,1,1,0,79.54,79.54,,
Y5,3,Y1,10,41,13,1,1,1,1,176.76,0.00,,
Y5,3,Y1,11,40,11,0,0,0,0,0.00,0.00,,
Y5,3,Y1,12,39,5,0,0,0,0,0.00,0.00,,
Y5,3,Y2,1,38,7,0,0,0,0,0.00,0.00,,
Y5,3,Y2,2,37,14,0,0,0,0,0.00,0.00,,
Y5,3,Y2,3,36,18,3,1,3,0,284.91,284.91,,
Y5,3,Y2,4,35,15,3,2,4,1,257.96,142.31,,
Y5,3,Y2,5,34,22,0,0,0,0,0.00,0.00,,
Y5,3,Y2,6,33,20,5,2,11,0,1032.31,1032.31,,
Y5,3,Y2,7,32,17,0,0,0,0,0.00,0.00,,
Y5,3,Y2,8,31,9,0,0,0,0,0.00,0.00,,
Y5,3,Y2,9,30,14,1,1,1,0,111.94,111.94,,
Y5,3,Y2,10,29,15,3,3,5,0,356.02,356.02,,
Y5,3,Y2,11,28,43,1,1,2,0,170.19,170.19,,
Y5,3,Y2,12,27,27,5,3,9,1,650.09,590.93,,
Y5,3,Y3,1,26,33,1,1,2,0,172.96,172.96,,
Y5,3,Y3,2,25,24,3,3,4,3,469.07,192.50,,
Y5,3,Y3,3,24,19,2,2,3,3,283.06,0.00,,
Y5,3,Y3,4,23,38,3,2,4,0,140.37,140.37,,
Y5,3,Y3,5,22,40,5,1,9,0,696.39,696.39,,
Y5,3,Y3,6,21,67,3,2,5,1,437.50,353.33,,
Y5,3,Y3,7,20,70,5,5,8,1,809.44,709.54,,
Y5,3,Y3,8,19,88,7,5,8,3,609.44,273.61,,
Y5,3,Y3,9,18,43,15,5,24,7,1556.11,1058.61,,
Y5,3,Y3,10,17,50,9,3,19,9,1473.24,825.00,,
Y5,3,Y3,11,16,74,8,4,20,1,2025.00,1948.24,,
Y5,3,Y3,12,15,69,0,0,0,0,0.00,0.00,,
Y5,3,Y4,1,14,71,8,4,11,0,936.94,936.94,,
Y5,3,Y4,2,13,56,8,5,14,2,1308.89,1120.19,,
Y5,3,Y4,3,12,63,8,5,13,9,1252.50,335.74,,
Y5,3,Y4,4,11,75,11,10,22,7,1798.89,1258.80,,
Y5,3,Y4,5,10,83,19,9,37,8,3052.13,2187.13,,
Y5,3,Y4,6,9,115,9,8,40,25,4095.37,1321.76,,
Y5,3,Y4,7,8,134,12,9,21,4,1784.18,1410.47,,
Y5,3,Y4,8,7,90,8,7,13,1,957.13,818.33,,
Y5,3,Y4,9,6,120,19,12,29,4,2694.54,2241.20,,
Y5,3,Y4,10,5,139,17,12,35,5,2578.24,2200.00,,
Y5,3,Y4,11,4,174,22,18,45,23,3687.50,1750.74,,
Y5,3,Y4,12,3,169,20,13,49,14,4279.72,2621.76,,
Y5,3,Y5,1,2,193,29,20,50,7,4166.85,3598.06,,
Y5,3,Y5,2,1,166,27,19,64,37,5734.81,2552.13,,
Y5,3,Y5,3,0,208,246,208,535,218,45840.82,26348.91,,
Y5,4,Y1,4,48,35,6,3,15,1,1345.58,1289.20,,
Y5,4,Y1,5,47,33,4,3,6,3,621.16,334.93,,
Y5,4,Y1,6,46,21,3,1,5,0,346.91,346.91,,
Y5,4,Y1,7,45,13,0,0,0,0,0.00,0.00,,
Y5,4,Y1,8,44,11,0,0,0,0,0.00,0.00,,
Y5,4,Y1,9,43,12,4,2,4,0,364.88,364.88,,
Y5,4,Y1,10,42,13,2,2,4,1,330.97,154.21,,
Y5,4,Y1,11,41,11,0,0,0,0,0.00,0.00,,
Y5,4,Y1,12,40,5,1,1,1,0,75.75,75.75,,
Y5,4,Y2,1,39,7,1,1,5,0,496.72,496.72,,
Y5,4,Y2,2,38,14,0,0,0,0,0.00,0.00,,
Y5,4,Y2,3,37,18,3,1,5,0,306.17,306.17,,
Y5,4,Y2,4,36,15,2,1,2,0,73.35,73.35,,
Y5,4,Y2,5,35,22,1,1,1,1,116.95,0.00,,
Y5,4,Y2,6,34,20,3,3,9,1,896.15,793.46,,
Y5,4,Y2,7,33,17,0,0,0,0,0.00,0.00,,
Y5,4,Y2,8,32,9,0,0,0,0,0.00,0.00,,
Y5,4,Y2,9,31,14,1,1,2,0,67.23,67.23,,
Y5,4,Y2,10,30,15,4,3,10,1,619.33,564.18,,
Y5,4,Y2,11,29,43,3,2,4,2,252.14,150.27,,
Y5,4,Y2,12,28,27,2,2,13,5,1328.93,767.60,,
Y5,4,Y3,1,27,33,3,3,5,0,353.46,353.46,,
Y5,4,Y3,2,26,24,8,5,15,3,1122.19,990.45,,
Y5,4,Y3,3,25,19,6,4,10,1,763.34,682.91,,
Y5,4,Y3,4,24,38,4,2,6,2,274.46,189.46,,
Y5,4,Y3,5,23,40,6,3,8,2,713.26,496.58,,
Y5,4,Y3,6,22,67,14,7,19,3,1707.05,1527.41,,
Y5,4,Y3,7,21,70,4,3,4,2,356.44,151.34,,
Y5,4,Y3,8,20,88,13,7,23,4,2165.28,1783.96,,
Y5,4,Y3,9,19,43,10,6,25,4,1994.36,1583.23,,
Y5,4,Y3,10,18,50,13,7,32,14,2215.07,1140.53,,
Y5,4,Y3,11,17,74,14,6,18,1,1373.97,1344.10,,
Y5,4,Y3,12,16,69,8,6,21,8,2516.43,1546.80,,
Y5,4,Y4,1,15,71,10,7,24,8,1888.33,1048.25,,
Y5,4,Y4,2,14,56,3,2,3,1,415.77,222.98,,
Y5,4,Y4,3,13,63,5,4,11,5,931.44,464.68,,
Y5,4,Y4,4,12,75,8,7,13,1,1361.58,1244.08,,
Y5,4,Y4,5,11,83,21,13,40,7,3162.59,2454.12,,
Y5,4,Y4,6,10,115,15,13,32,11,2610.03,1492.33,,
Y5,4,Y4,7,9,134,15,9,25,9,1975.24,1156.54,,
Y5,4,Y4,8,8,90,19,12,32,5,2548.44,2125.69,,
Y5,4,Y4,9,7,120,16,11,22,3,1931.78,1676.37,,
Y5,4,Y4,10,6,139,22,15,66,23,5980.84,3725.09,,
Y5,4,Y4,11,5,174,25,16,74,26,7083.78,4268.34,,
Y5,4,Y4,12,4,169,15,10,33,21,2986.18,968.61,,
Y5,4,Y5,1,3,193,28,19,53,14,4698.94,3127.88,,
Y5,4,Y5,2,2,166,16,15,30,7,2704.72,2024.66,,
Y5,4,Y5,3,1,208,51,34,109,29,9893.46,7042.90,,
Y5,4,Y5,4,0,229,265,227,455,167,41871.77,25019.45,,
Y5,5,Y1,4,49,35,4,3,6,0,480.71,480.71,,
Y5,5,Y1,5,48,33,4,3,7,3,538.67,162.55,,
Y5,5,Y1,6,47,21,8,2,17,1,1071.27,946.84,,
Y5,5,Y1,7,46,13,0,0,0,0,0.00,0.00,,
Y5,5,Y1,8,45,11,1,1,2,0,137.45,137.45,,
Y5,5,Y1,9,44,12,4,1,4,0,244.94,244.94,,
Y5,5,Y1,10,43,13,0,0,0,0,0.00,0.00,,
Y5,5,Y1,11,42,11,2,2,2,1,265.73,138.48,,
Y5,5,Y1,12,41,5,0,0,0,0,0.00,0.00,,
Y5,5,Y2,1,40,7,1,1,3,0,296.54,296.54,,
Y5,5,Y2,2,39,14,0,0,0,0,0.00,0.00,,
Y5,5,Y2,3,38,18,4,1,4,0,410.67,410.67,,
Y5,5,Y2,4,37,15,5,2,7,0,539.61,539.61,,
Y5,5,Y2,5,36,22,2,1,2,0,201.12,201.12,,
Y5,5,Y2,6,35,20,10,5,31,1,2977.43,2884.83,,
Y5,5,Y2,7,34,17,1,1,1,0,92.60,92.60,,
Y5,5,Y2,8,33,9,0,0,0,0,0.00,0.00,,
Y5,5,Y2,9,32,14,3,3,5,0,302.90,302.90,,
Y5,5,Y2,10,31,15,5,2,13,1,1162.64,1061.61,,
Y5,5,Y2,11,30,43,4,3,6,0,291.96,291.96,,
Y5,5,Y2,12,29,27,9,2,17,9,1554.59,794.19,,
Y5,5,Y3,1,28,33,5,3,9,1,729.49,653.75,,
Y5,5,Y3,2,27,24,8,7,16,2,1309.36,1147.57,,
Y5,5,Y3,3,26,19,1,1,3,0,361.14,361.14,,
Y5,5,Y3,4,25,38,3,3,4,1,323.60,273.13,,
Y5,5,Y3,5,24,40,6,3,7,0,573.31,573.31,,
Y5,5,Y3,6,23,67,10,5,19,1,1140.54,1113.48,,
Y5,5,Y3,7,22,70,3,3,5,0,347.85,347.85,,
Y5,5,Y3,8,21,88,8,6,23,9,2696.18,1220.43,,
Y5,5,Y3,9,20,43,9,4,13,4,1019.38,707.96,,
Y5,5,Y3,10,19,50,16,6,35,14,2521.07,1547.66,,
Y5,5,Y3,11,18,74,12,6,19,8,1540.36,880.99,,
Y5,5,Y3,12,17,69,5,4,8,0,578.84,578.84,,
Y5,5,Y4,1,16,71,10,5,18,1,1786.70,1702.53,,
Y5,5,Y4,2,15,56,4,3,10,3,993.45,637.92,,
Y5,5,Y4,3,14,63,5,5,9,3,660.21,457.30,,
Y5,5,Y4,4,13,75,6,5,16,6,1354.31,944.76,,
Y5,5,Y4,5,12,83,31,16,65,24,5382.87,3380.99,,
Y5,5,Y4,6,11,115,13,10,24,8,1829.21,1117.42,,
Y5,5,Y4,7,10,134,13,7,19,3,1347.47,1178.28,,
Y5,5,Y4,8,9,90,20,14,32,6,2767.60,2149.25,,
Y5,5,Y4,9,8,120,24,11,49,22,3522.57,2014.33,,
Y5,5,Y4,10,7,139,20,14,60,34,5028.09,1948.88,,
Y5,5,Y4,11,6,174,25,20,66,9,5912.36,5045.22,,
Y5,5,Y4,12,5,169,13,10,16,4,1172.66,841.57,,
Y5,5,Y5,1,4,193,20,17,32,9,2281.65,1571.82,,
Y5,5,Y5,2,3,166,17,17,33,12,2666.39,1633.80,,
Y5,5,Y5,3,2,208,35,21,101,36,8228.37,5231.74,,
Y5,5,Y5,4,1,229,40,30,71,18,6439.98,4583.05,,
Y5,5,Y5,5,0,242,287,242,567,200,49720.70,31111.70,,
Y5,6,Y1,4,50,35,3,2,4,1,242.13,169.19,,
Y5,6,Y1,5,49,33,4,3,9,2,552.53,418.82,,
Y5,6,Y1,6,48,21,6,1,10,0,753.75,753.75,,
Y5,6,Y1,7,47,13,0,0,0,0,0.00,0.00,,
Y5,6,Y1,8,46,11,0,0,0,0,0.00,0.00,,
Y5,6,Y1,9,45,12,3,1,3,0,142.98,142.98,,
Y5,6,Y1,10,44,13,2,1,3,1,308.71,160.86,,
Y5,6,Y1,11,43,11,2,1,3,2,218.82,33.61,,
Y5,6,Y1,12,42,5,0,0,0,0,0.00,0.00,,
Y5,6,Y2,1,41,7,0,0,0,0,0.00,0.00,,
Y5,6,Y2,2,40,14,1,1,1,0,84.18,84.18,,
Y5,6,Y2,3,39,18,2,2,4,0,274.91,274.91,,
Y5,6,Y2,4,38,15,3,1,3,0,148.60,148.60,,
Y5,6,Y2,5,37,22,0,0,0,0,0.00,0.00,,
Y5,6,Y2,6,36,20,5,3,12,1,1342.51,1158.15,,
Y5,6,Y2,7,35,17,1,1,2,0,216.10,216.10,,
Y5,6,Y2,8,34,9,0,0,0,0,0.00,0.00,,
Y5,6,Y2,9,33,14,1,1,2,0,141.20,141.20,,
Y5,6,Y2,10,32,15,4,2,5,2,363.76,191.67,,
Y5,6,Y2,11,31,43,4,4,11,3,910.96,700.56,,
Y5,6,Y2,12,30,27,4,3,15,6,1230.81,731.37,,
Y5,6,Y3,1,29,33,3,3,4,2,336.70,184.27,,
Y5,6,Y3,2,28,24,8,4,16,6,1285.02,876.40,,
Y5,6,Y3,3,27,19,6,3,14,10,1018.35,311.42,,
Y5,6,Y3,4,26,38,1,1,2,0,151.50,151.50,,
Y5,6,Y3,5,25,40,3,2,4,1,361.99,194.48,,
Y5,6,Y3,6,24,67,8,6,14,4,810.49,645.13,,
Y5,6,Y3,7,23,70,2,2,3,0,113.95,113.95,,
Y5,6,Y3,8,22,88,7,5,9,3,1188.69,474.16,,
Y5,6,Y3,9,21,43,6,3,24,5,1570.79,1125.56,,
Y5,6,Y3,10,20,50,9,5,15,6,1205.52,623.69,,
Y5,6,Y3,11,19,74,5,4,6,0,551.87,551.87,,
Y5,6,Y3,12,18,69,4,4,7,0,431.93,431.93,,
Y5,6,Y4,1,17,71,8,5,16,6,1207.70,765.92,,
Y5,6,Y4,2,16,56,3,2,6,0,442.32,442.32,,
Y5,6,Y4,3,15,63,5,5,14,4,964.43,729.40,,
Y5,6,Y4,4,14,75,4,3,8,1,690.26,622.94,,
Y5,6,Y4,5,13,83,25,14,55,14,4756.99,3601.93,,
Y5,6,Y4,6,12,115,12,9,27,10,1925.43,1015.30,,
Y5,6,Y4,7,11,134,15,9,31,10,2478.37,1623.50,,
Y5,6,Y4,8,10,90,8,6,13,6,1199.16,648.22,,
Y5,6,Y4,9,9,120,14,11,25,6,1971.94,1468.75,,
Y5,6,Y4,10,8,139,25,17,63,8,5150.15,4569.44,,
Y5,6,Y4,11,7,174,17,13,85,52,7056.29,2538.69,,
Y5,6,Y4,12,6,169,8,7,28,16,1879.67,641.20,,
Y5,6,Y5,1,5,193,18,15,40,6,2905.95,2415.87,,
Y5,6,Y5,2,4,166,22,17,39,10,2874.31,2133.84,,
Y5,6,Y5,3,3,208,34,26,78,21,5115.64,3797.32,,
Y5,6,Y5,4,2,229,30,25,74,11,5376.54,4276.45,,
Y5,6,Y5,5,1,242,49,36,90,20,7492.17,5647.77,,
Y5,6,Y5,6,0,223,271,223,504,164,42727.22,27426.34,,
Y5,7,Y1,4,51,35,5,2,15,0,440.03,440.03,,
Y5,7,Y1,5,50,33,7,3,11,5,719.47,383.70,,
Y5,7,Y1,6,49,21,4,3,7,0,598.83,598.83,,
Y5,7,Y1,7,48,13,0,0,0,0,0.00,0.00,,
Y5,7,Y1,8,47,11,0,0,0,0,0.00,0.00,,
Y5,7,Y1,9,46,12,3,2,3,0,201.97,201.97,,
Y5,7,Y1,10,45,13,0,0,0,0,0.00,0.00,,
Y5,7,Y1,11,44,11,0,0,0,0,0.00,0.00,,
Y5,7,Y1,12,43,5,0,0,0,0,0.00,0.00,,
Y5,7,Y2,1,42,7,4,2,6,0,344.49,344.49,,
Y5,7,Y2,2,41,14,3,2,3,0,220.24,220.24,,
Y5,7,Y2,3,40,18,2,2,5,2,388.74,173.72,,
Y5,7,Y2,4,39,15,6,1,6,0,284.72,284.72,,
Y5,7,Y2,5,38,22,1,1,1,0,58.90,58.90,,
Y5,7,Y2,6,37,20,6,4,9,0,923.30,923.30,,
Y5,7,Y2,7,36,17,2,2,5,0,159.93,159.93,,
Y5,7,Y2,8,35,9,1,1,1,0,61.26,61.26,,
Y5,7,Y2,9,34,14,2,1,4,0,147.96,147.96,,
Y5,7,Y2,10,33,15,2,2,3,1,291.17,138.64,,
Y5,7,Y2,11,32,43,4,3,9,1,533.77,463.64,,
Y5,7,Y2,12,31,27,10,6,34,9,2124.70,1630.62,,
Y5,7,Y3,1,30,33,8,4,12,2,652.26,534.31,,
Y5,7,Y3,2,29,24,5,3,11,1,559.29,516.62,,
Y5,7,Y3,3,28,19,4,3,6,0,466.11,466.11,,
Y5,7,Y3,4,27,38,2,2,4,0,252.38,252.38,,
Y5,7,Y3,5,26,40,13,8,30,2,1807.56,1718.72,,
Y5,7,Y3,6,25,67,12,7,50,21,2272.75,1293.26,,
Y5,7,Y3,7,24,70,4,3,10,5,411.74,167.87,,
Y5,7,Y3,8,23,88,11,6,20,5,1169.02,691.46,,
Y5,7,Y3,9,22,43,11,7,19,4,1529.12,961.14,,
Y5,7,Y3,10,21,50,20,5,48,8,2319.66,1639.70,,
Y5,7,Y3,11,20,74,11,6,20,1,1032.82,950.49,,
Y5,7,Y3,12,19,69,9,8,18,3,1215.90,1004.24,,
Y5,7,Y4,1,18,71,2,2,5,0,332.88,332.88,,
Y5,7,Y4,2,17,56,8,7,24,1,1139.21,1081.61,,
Y5,7,Y4,3,16,63,8,7,20,10,869.64,483.30,,
Y5,7,Y4,4,15,75,6,3,14,0,1151.55,1151.55,,
Y5,7,Y4,5,14,83,26,13,43,10,2448.21,1944.55,,
Y5,7,Y4,6,13,115,17,12,36,1,2040.67,1981.77,,
Y5,7,Y4,7,12,134,26,10,50,4,3255.20,3079.56,,
Y5,7,Y4,8,11,90,13,9,31,0,1484.81,1484.81,,
Y5,7,Y4,9,10,120,24,15,83,7,5223.73,4824.55,,
Y5,7,Y4,10,9,139,29,13,83,26,4248.56,2901.68,,
Y5,7,Y4,11,8,174,16,13,35,6,2304.47,1940.73,,
Y5,7,Y4,12,7,169,10,8,14,2,710.32,599.08,,
Y5,7,Y5,1,6,193,25,19,51,11,2767.44,2029.06,,
Y5,7,Y5,2,5,166,22,18,45,11,2469.08,1836.61,,
Y5,7,Y5,3,4,208,28,21,67,18,3621.35,2690.63,,
Y5,7,Y5,4,3,229,25,21,73,15,3675.19,2549.36,,
Y5,7,Y5,5,2,242,61,47,127,16,7694.88,6587.88,,
Y5,7,Y5,6,1,223,60,43,116,20,7384.40,6162.70,,
Y5,7,Y5,7,0,335,391,334,708,161,47495.39,33568.88,,
Y5,8,Y1,4,52,35,5,3,7,0,398.47,398.47,,
Y5,8,Y1,5,51,33,2,1,2,0,152.36,152.36,,
Y5,8,Y1,6,50,21,4,2,8,0,550.92,550.92,,
Y5,8,Y1,7,49,13,1,1,2,1,162.73,102.90,,
Y5,8,Y1,8,48,11,0,0,0,0,0.00,0.00,,
Y5,8,Y1,9,47,12,2,2,2,0,135.58,135.58,,
Y5,8,Y1,10,46,13,0,0,0,0,0.00,0.00,,
Y5,8,Y1,11,45,11,0,0,0,0,0.00,0.00,,
Y5,8,Y1,12,44,5,0,0,0,0,0.00,0.00,,
Y5,8,Y2,1,43,7,3,1,7,0,755.42,755.42,,
Y5,8,Y2,2,42,14,0,0,0,0,0.00,0.00,,
Y5,8,Y2,3,41,18,2,2,2,0,133.52,133.52,,
Y5,8,Y2,4,40,15,1,1,1,0,42.03,42.03,,
Y5,8,Y2,5,39,22,0,0,0,0,0.00,0.00,,
Y5,8,Y2,6,38,20,5,2,7,0,883.17,883.17,,
Y5,8,Y2,7,37,17,0,0,0,0,0.00,0.00,,
Y5,8,Y2,8,36,9,3,2,4,0,251.93,251.93,,
Y5,8,Y2,9,35,14,0,0,0,0,0.00,0.00,,
Y5,8,Y2,10,34,15,3,2,6,0,594.74,594.74,,
Y5,8,Y2,11,33,43,5,5,8,0,817.40,817.40,,
Y5,8,Y2,12,32,27,1,1,2,0,84.07,84.07,,
Y5,8,Y3,1,31,33,7,2,8,2,473.65,404.23,,
Y5,8,Y3,2,30,24,3,2,6,0,472.02,472.02,,
Y5,8,Y3,3,29,19,4,3,6,1,480.29,352.11,,
Y5,8,Y3,4,28,38,2,2,4,0,435.53,435.53,,
Y5,8,Y3,5,27,40,6,3,10,3,727.79,419.17,,
Y5,8,Y3,6,26,67,5,4,11,6,542.20,266.94,,
Y5,8,Y3,7,25,70,4,2,4,0,301.60,301.60,,
Y5,8,Y3,8,24,88,5,3,10,2,737.40,435.75,,
Y5,8,Y3,9,23,43,8,5,14,4,1146.79,758.97,,
Y5,8,Y3,10,22,50,6,3,11,7,771.58,202.48,,
Y5,8,Y3,11,21,74,5,4,8,1,866.16,706.91,,
Y5,8,Y3,12,20,69,2,2,3,0,223.34,223.34,,
Y5,8,Y4,1,19,71,2,2,6,1,491.01,415.26,,
Y5,8,Y4,2,18,56,4,2,4,0,384.90,384.90,,
Y5,8,Y4,3,17,63,11,7,17,6,1435.88,930.60,,
Y5,8,Y4,4,16,75,3,3,5,4,305.30,77.64,,
Y5,8,Y4,5,15,83,18,10,36,17,3223.13,1619.85,,
Y5,8,Y4,6,14,115,10,9,14,0,918.03,918.03,,
Y5,8,Y4,7,13,134,10,6,18,3,1147.30,974.29,,
Y5,8,Y4,8,12,90,7,5,8,0,598.05,598.05,,
Y5,8,Y4,9,11,120,15,12,26,8,2170.35,1520.25,,
Y5,8,Y4,10,10,139,19,10,50,18,4545.79,2907.82,,
Y5,8,Y4,11,9,174,14,12,38,7,3606.06,2856.72,,
Y5,8,Y4,12,8,169,4,3,11,6,1048.51,577.70,,
Y5,8,Y5,1,7,193,12,9,21,8,1861.92,1042.07,,
Y5,8,Y5,2,6,166,10,10,19,7,1535.97,1033.61,,
Y5,8,Y5,3,5,208,19,13,34,1,2791.96,2752.72,,
Y5,8,Y5,4,4,229,25,20,64,18,5716.18,3787.77,,
Y5,8,Y5,5,3,242,36,22,68,18,5185.15,3636.83,,
Y5,8,Y5,6,2,223,19,12,29,8,1751.53,1095.87,,
Y5,8,Y5,7,1,335,54,39,82,16,6507.42,4855.75,,
Y5,8,Y5,8,0,263,290,263,490,166,41550.86,24815.99,,
Y5,9,Y1,4,53,35,4,2,9,2,766.15,592.10,,
Y5,9,Y1,5,52,33,3,3,6,2,576.14,341.31,,
Y5,9,Y1,6,51,21,5,2,11,3,800.92,492.49,,
Y5,9,Y1,7,50,13,1,1,1,0,214.33,214.33,,
Y5,9,Y1,8,49,11,1,1,1,0,60.51,60.51,,
Y5,9,Y1,9,48,12,4,2,5,1,436.13,307.95,,
Y5,9,Y1,10,47,13,1,1,1,0,132.87,132.87,,
Y5,9,Y1,11,46,11,0,0,0,0,0.00,0.00,,
Y5,9,Y1,12,45,5,0,0,0,0,0.00,0.00,,
Y5,9,Y2,1,44,7,0,0,0,0,0.00,0.00,,
Y5,9,Y2,2,43,14,0,0,0,0,0.00,0.00,,
Y5,9,Y2,3,42,18,2,2,4,0,333.90,333.90,,
Y5,9,Y2,4,41,15,0,0,0,0,0.00,0.00,,
Y5,9,Y2,5,40,22,1,1,2,0,192.70,192.70,,
Y5,9,Y2,6,39,20,5,3,12,0,1759.16,1759.16,,
Y5,9,Y2,7,38,17,0,0,0,0,0.00,0.00,,
Y5,9,Y2,8,37,9,0,0,0,0,0.00,0.00,,
Y5,9,Y2,9,36,14,0,0,0,0,0.00,0.00,,
Y5,9,Y2,10,35,15,1,1,5,0,424.72,424.72,,
Y5,9,Y2,11,34,43,10,6,15,1,1874.43,1765.91,,
Y5,9,Y2,12,33,27,4,3,10,6,748.11,225.00,,
Y5,9,Y3,1,32,33,3,2,4,0,278.00,278.00,,
Y5,9,Y3,2,31,24,8,2,14,3,1414.02,1053.74,,
Y5,9,Y3,3,30,19,3,3,4,1,514.06,380.26,,
Y5,9,Y3,4,29,38,4,2,7,0,520.88,520.88,,
Y5,9,Y3,5,28,40,2,2,4,0,269.29,269.29,,
Y5,9,Y3,6,27,67,3,2,7,0,588.88,588.88,,
Y5,9,Y3,7,26,70,2,2,4,0,428.60,428.60,,
Y5,9,Y3,8,25,88,4,4,9,1,775.82,587.71,,
Y5,9,Y3,9,24,43,10,7,17,7,2127.98,1003.90,,
Y5,9,Y3,10,23,50,11,6,31,19,2719.75,960.96,,
Y5,9,Y3,11,22,74,12,6,25,8,2255.17,1353.28,,
Y5,9,Y3,12,21,69,3,3,7,2,633.24,404.96,,
Y5,9,Y4,1,20,71,8,4,14,0,951.16,951.16,,
Y5,9,Y4,2,19,56,5,3,8,0,764.49,764.49,,
Y5,9,Y4,3,18,63,8,5,12,2,1193.37,1075.20,,
Y5,9,Y4,4,17,75,4,2,12,0,2043.77,2043.77,,
Y5,9,Y4,5,16,83,21,12,41,10,4098.36,3177.24,,
Y5,9,Y4,6,15,115,13,10,20,6,1539.54,1083.33,,
Y5,9,Y4,7,14,134,14,7,34,1,2966.05,2906.49,,
Y5,9,Y4,8,13,90,7,7,19,5,2249.16,1495.88,,
Y5,9,Y4,9,12,120,19,12,36,15,3338.66,1875.54,,
Y5,9,Y4,10,11,139,17,9,29,4,2930.18,2583.18,,
Y5,9,Y4,11,10,174,9,9,17,5,1858.48,1342.17,,
Y5,9,Y4,12,9,169,19,12,65,38,5624.22,2053.00,,
Y5,9,Y5,1,8,193,16,11,35,10,4012.42,2707.03,,
Y5,9,Y5,2,7,166,17,12,26,5,2257.75,1749.82,,
Y5,9,Y5,3,6,208,17,12,34,5,3401.30,2714.03,,
Y5,9,Y5,4,5,229,12,10,25,5,2886.97,2130.88,,
Y5,9,Y5,5,4,242,45,28,79,19,7349.42,5153.95,,
Y5,9,Y5,6,3,223,29,19,60,13,5577.42,4238.02,,
Y5,9,Y5,7,2,335,24,18,41,9,3461.25,2770.73,,
Y5,9,Y5,8,1,263,33,20,66,16,6044.58,4207.32,,
Y5,9,Y5,9,0,196,234,196,402,116,40809.32,27939.66,,
Y5,10,Y1,4,54,35,3,2,5,0,647.25,647.25,,
Y5,10,Y1,5,53,33,3,3,4,1,720.96,419.55,,
Y5,10,Y1,6,52,21,6,3,14,0,881.09,881.09,,
Y5,10,Y1,7,51,13,0,0,0,0,0.00,0.00,,
Y5,10,Y1,8,50,11,2,2,2,0,87.83,87.83,,
Y5,10,Y1,9,49,12,8,2,11,3,839.14,542.61,,
Y5,10,Y1,10,48,13,2,2,2,1,278.32,203.50,,
Y5,10,Y1,11,47,11,2,1,2,2,332.20,0.00,,
Y5,10,Y1,12,46,5,0,0,0,0,0.00,0.00,,
Y5,10,Y2,1,45,7,5,3,5,0,312.59,312.59,,
Y5,10,Y2,2,44,14,2,2,2,1,165.54,96.35,,
Y5,10,Y2,3,43,18,2,2,3,0,247.85,247.85,,
Y5,10,Y2,4,42,15,2,2,2,0,84.08,84.08,,
Y5,10,Y2,5,41,22,1,1,1,1,125.85,0.00,,
Y5,10,Y2,6,40,20,6,3,11,1,1125.56,994.03,,
Y5,10,Y2,7,39,17,1,1,2,0,96.25,96.25,,
Y5,10,Y2,8,38,9,1,1,1,0,167.52,167.52,,
Y5,10,Y2,9,37,14,1,1,3,0,233.80,233.80,,
Y5,10,Y2,10,36,15,0,0,0,0,0.00,0.00,,
Y5,10,Y2,11,35,43,4,3,8,0,1071.97,1071.97,,
Y5,10,Y2,12,34,27,6,2,9,4,579.39,386.55,,
Y5,10,Y3,1,33,33,3,3,5,3,600.66,165.54,,
Y5,10,Y3,2,32,24,2,1,3,0,399.35,399.35,,
Y5,10,Y3,3,31,19,2,2,3,0,357.40,357.40,,
Y5,10,Y3,4,30,38,0,0,0,0,0.00,0.00,,
Y5,10,Y3,5,29,40,5,4,17,11,1296.16,511.61,,
Y5,10,Y3,6,28,67,7,6,10,3,842.62,566.68,,
Y5,10,Y3,7,27,70,1,1,1,0,50.47,50.47,,
Y5,10,Y3,8,26,88,9,6,12,1,567.84,517.75,,
Y5,10,Y3,9,25,43,4,4,4,0,343.88,343.88,,
Y5,10,Y3,10,24,50,22,5,33,14,3455.31,2120.08,,
Y5,10,Y3,11,23,74,12,7,30,15,2921.86,1277.90,,
Y5,10,Y3,12,22,69,8,7,17,1,1493.98,1397.63,,
Y5,10,Y4,1,21,71,9,6,13,1,1447.07,1371.32,,
Y5,10,Y4,2,20,56,7,4,12,1,1461.05,1319.10,,
Y5,10,Y4,3,19,63,4,2,5,2,628.49,265.38,,
Y5,10,Y4,4,18,75,4,3,6,0,447.78,447.78,,
Y5,10,Y4,5,17,83,19,13,39,15,3902.54,2314.55,,
Y5,10,Y4,6,16,115,9,8,13,3,1082.47,859.61,,
Y5,10,Y4,7,15,134,21,15,32,6,3016.19,2413.51,,
Y5,10,Y4,8,14,90,14,9,28,2,2938.71,2788.23,,
Y5,10,Y4,9,13,120,16,12,19,2,1543.36,1401.22,,
Y5,10,Y4,10,12,139,21,15,60,13,5327.98,3873.49,,
Y5,10,Y4,11,11,174,11,10,30,12,3243.66,1719.99,,
Y5,10,Y4,12,10,169,13,11,45,16,3265.07,1818.72,,
Y5,10,Y5,1,9,193,31,19,63,21,5925.78,3794.18,,
Y5,10,Y5,2,8,166,20,14,38,19,3183.90,1476.31,,
Y5,10,Y5,3,7,208,25,17,51,20,4067.81,2288.85,,
Y5,10,Y5,4,6,229,30,23,52,16,5255.56,3773.54,,
Y5,10,Y5,5,5,242,38,23,63,15,4934.19,3867.04,,
Y5,10,Y5,6,4,223,23,21,39,9,4496.87,3396.83,,
Y5,10,Y5,7,3,335,41,29,93,26,8066.42,5805.65,,
Y5,10,Y5,8,2,263,37,33,63,13,5884.07,4897.48,,
Y5,10,Y5,9,1,196,47,29,94,32,9788.68,6350.22,,
Y5,10,Y5,10,0,215,252,211,442,136,43736.71,30011.70,,
Y5,11,Y1,4,55,35,2,2,4,0,384.09,384.09,,
Y5,11,Y1,5,54,33,2,1,4,2,316.10,126.22,,
Y5,11,Y1,6,53,21,3,1,7,0,452.82,452.82,,
Y5,11,Y1,7,52,13,0,0,0,0,0.00,0.00,,
Y5,11,Y1,8,51,11,0,0,0,0,0.00,0.00,,
Y5,11,Y1,9,50,12,10,3,13,0,1012.08,1012.08,,
Y5,11,Y1,10,49,13,0,0,0,0,0.00,0.00,,
Y5,11,Y1,11,48,11,0,0,0,0,0.00,0.00,,
Y5,11,Y1,12,47,5,1,1,1,0,50.47,50.47,,
Y5,11,Y2,1,46,7,2,2,2,0,84.66,84.66,,
Y5,11,Y2,2,45,14,0,0,0,0,0.00,0.00,,
Y5,11,Y2,3,44,18,2,1,2,0,251.04,251.04,,
Y5,11,Y2,4,43,15,1,1,1,0,75.66,75.66,,
Y5,11,Y2,5,42,22,2,2,3,2,173.88,106.65,,
Y5,11,Y2,6,41,20,7,4,38,18,3323.95,2082.44,,
Y5,11,Y2,7,40,17,0,0,0,0,0.00,0.00,,
Y5,11,Y2,8,39,9,0,0,0,0,0.00,0.00,,
Y5,11,Y2,9,38,14,0,0,0,0,0.00,0.00,,
Y5,11,Y2,10,37,15,1,1,2,0,193.94,193.94,,
Y5,11,Y2,11,36,43,6,5,14,0,1066.42,1066.42,,
Y5,11,Y2,12,35,27,4,2,10,3,664.86,539.67,,
Y5,11,Y3,1,34,33,0,0,0,0,0.00,0.00,,
Y5,11,Y3,2,33,24,0,0,0,0,0.00,0.00,,
Y5,11,Y3,3,32,19,0,0,0,0,0.00,0.00,,
Y5,11,Y3,4,31,38,3,2,5,2,426.61,220.36,,
Y5,11,Y3,5,30,40,3,3,5,1,297.77,170.97,,
Y5,11,Y3,6,29,67,7,4,8,1,678.05,551.25,,
Y5,11,Y3,7,28,70,4,3,9,6,864.61,343.64,,
Y5,11,Y3,8,27,88,5,4,9,5,653.65,235.58,,
Y5,11,Y3,9,26,43,5,3,7,0,432.94,432.94,,
Y5,11,Y3,10,25,50,6,4,15,5,968.89,545.05,,
Y5,11,Y3,11,24,74,8,4,23,5,2172.92,1756.15,,
Y5,11,Y3,12,23,69,4,3,6,2,374.74,202.64,,
Y5,11,Y4,1,22,71,9,6,16,6,1515.61,1026.59,,
Y5,11,Y4,2,21,56,6,4,16,7,1637.61,944.21,,
Y5,11,Y4,3,20,63,5,4,11,5,1063.29,580.61,,
Y5,11,Y4,4,19,75,5,5,7,1,794.23,731.59,,
Y5,11,Y4,5,18,83,28,14,55,20,4132.45,2640.83,,
Y5,11,Y4,6,17,115,6,6,12,3,944.71,691.49,,
Y5,11,Y4,7,16,134,10,5,14,3,1418.75,1231.76,,
Y5,11,Y4,8,15,90,5,4,6,0,576.22,576.22,,
Y5,11,Y4,9,14,120,7,6,30,4,2771.67,2227.10,,
Y5,11,Y4,10,13,139,20,9,52,16,3932.17,2542.61,,
Y5,11,Y4,11,12,174,22,19,59,30,5513.77,2912.13,,
Y5,11,Y4,12,11,169,18,14,27,4,1937.23,1623.94,,
Y5,11,Y5,1,10,193,11,11,23,3,2160.70,1808.92,,
Y5,11,Y5,2,9,166,13,8,28,17,2390.19,1086.36,,
Y5,11,Y5,3,8,208,16,14,32,9,2607.27,1854.64,,
Y5,11,Y5,4,7,229,24,20,61,24,5153.64,3084.69,,
Y5,11,Y5,5,6,242,30,20,62,18,5396.49,4007.25,,
Y5,11,Y5,6,5,223,17,16,27,6,2561.38,1862.17,,
Y5,11,Y5,7,4,335,21,17,42,6,3035.84,2461.47,,
Y5,11,Y5,8,3,263,23,18,46,15,3922.96,2536.02,,
Y5,11,Y5,9,2,196,28,23,56,11,5277.27,4085.23,,
Y5,11,Y5,10,1,215,44,37,76,19,6823.57,5150.56,,
Y5,11,Y5,11,0,277,312,277,516,150,50271.75,34203.90,,
Y5,12,Y1,4,56,35,2,2,4,0,436.17,436.17,,
Y5,12,Y1,5,55,33,3,3,6,4,622.54,145.64,,
Y5,12,Y1,6,54,21,5,2,8,0,773.86,773.86,,
Y5,12,Y1,7,53,13,0,0,0,0,0.00,0.00,,
Y5,12,Y1,8,52,11,1,1,1,0,200.66,200.66,,
Y5,12,Y1,9,51,12,8,5,14,5,1260.04,915.81,,
Y5,12,Y1,10,50,13,0,0,0,0,0.00,0.00,,
Y5,12,Y1,11,49,11,0,0,0,0,0.00,0.00,,
Y5,12,Y1,12,48,5,1,1,1,0,51.04,51.04,,
Y5,12,Y2,1,47,7,3,1,5,0,437.03,437.03,,
Y5,12,Y2,2,46,14,0,0,0,0,0.00,0.00,,
Y5,12,Y2,3,45,18,1,1,2,1,185.42,85.13,,
Y5,12,Y2,4,44,15,3,1,3,0,175.85,175.85,,
Y5,12,Y2,5,43,22,3,3,6,1,478.60,369.79,,
Y5,12,Y2,6,42,20,2,2,8,4,548.48,329.17,,
Y5,12,Y2,7,41,17,2,1,4,4,530.87,0.00,,
Y5,12,Y2,8,40,9,1,1,7,5,542.90,264.02,,
Y5,12,Y2,9,39,14,2,2,2,0,216.67,216.67,,
Y5,12,Y2,10,38,15,0,0,0,0,0.00,0.00,,
Y5,12,Y2,11,37,43,4,4,5,0,406.72,406.72,,
Y5,12,Y2,12,36,27,6,4,9,2,571.12,423.58,,
Y5,12,Y3,1,35,33,2,2,2,1,191.10,62.41,,
Y5,12,Y3,2,34,24,1,1,1,0,97.44,97.44,,
Y5,12,Y3,3,33,19,0,0,0,0,0.00,0.00,,
Y5,12,Y3,4,32,38,0,0,0,0,0.00,0.00,,
Y5,12,Y3,5,31,40,5,5,10,3,950.76,677.37,,
Y5,12,Y3,6,30,67,6,6,8,1,659.28,508.81,,
Y5,12,Y3,7,29,70,3,2,3,1,409.75,368.18,,
Y5,12,Y3,8,28,88,5,4,7,2,486.08,372.63,,
Y5,12,Y3,9,27,43,4,3,6,2,409.47,252.46,,
Y5,12,Y3,10,26,50,7,3,19,7,1229.26,825.57,,
Y5,12,Y3,11,25,74,8,4,9,0,1036.08,1036.08,,
Y5,12,Y3,12,24,69,10,6,14,1,1146.98,1059.95,,
Y5,12,Y4,1,23,71,5,4,5,1,336.65,268.56,,
Y5,12,Y4,2,22,56,4,4,7,0,701.99,701.99,,
Y5,12,Y4,3,21,63,7,6,13,4,1455.21,755.78,,
Y5,12,Y4,4,20,75,13,5,27,5,3043.84,2535.80,,
Y5,12,Y4,5,19,83,30,14,76,31,6228.04,3409.56,,
Y5,12,Y4,6,18,115,16,11,22,5,1932.96,1521.51,,
Y5,12,Y4,7,17,134,17,7,23,2,2228.88,Y3.27,,
Y5,12,Y4,8,16,90,11,5,23,8,2169.22,1509.00,,
Y5,12,Y4,9,15,120,10,10,26,8,2272.16,1526.70,,
Y5,12,Y4,10,14,139,21,13,50,25,4135.42,2102.75,,
Y5,12,Y4,11,13,174,15,11,35,10,3703.52,2656.17,,
Y5,12,Y4,12,12,169,14,9,24,10,1889.77,1187.12,,
Y5,12,Y5,1,11,193,20,14,39,11,3791.76,2717.05,,
Y5,12,Y5,2,10,166,15,11,27,14,2284.38,995.93,,
Y5,12,Y5,3,9,208,20,15,35,12,3146.32,2048.02,,
Y5,12,Y5,4,8,229,24,18,71,22,5708.24,3786.08,,
Y5,12,Y5,5,7,242,35,23,66,18,5340.91,4080.30,,
Y5,12,Y5,6,6,223,24,20,35,11,3551.61,2192.80,,
Y5,12,Y5,7,5,335,39,22,54,13,4257.49,3072.82,,
Y5,12,Y5,8,4,263,25,19,36,11,3540.15,2510.89,,
Y5,12,Y5,9,3,196,21,18,37,8,3283.62,2559.94,,
Y5,12,Y5,10,2,215,17,16,37,12,2975.66,2092.33,,
Y5,12,Y5,11,1,277,46,38,83,11,6407.50,5527.86,,
Y5,12,Y5,12,0,241,274,241,515,200,51075.28,29735.31,,
